residue	sse	percentile	simulated_sse
2	2.5990E-01	0.0500	0.0055
2	2.5990E-01	0.1000	0.0168
2	2.5990E-01	0.1500	0.0329
2	2.5990E-01	0.2000	0.0742
2	2.5990E-01	0.2500	0.1012
2	2.5990E-01	0.3000	0.1472
2	2.5990E-01	0.3500	0.2410
2	2.5990E-01	0.4000	0.3269
2	2.5990E-01	0.4500	0.4275
2	2.5990E-01	0.5000	0.5508
2	2.5990E-01	0.5500	0.7087
2	2.5990E-01	0.6000	0.8806
2	2.5990E-01	0.6500	1.0979
2	2.5990E-01	0.7000	1.3070
2	2.5990E-01	0.7500	1.6108
2	2.5990E-01	0.8000	1.8147
2	2.5990E-01	0.8500	2.3231
2	2.5990E-01	0.9000	2.8724
2	2.5990E-01	0.9500	4.0148
2	2.5990E-01	1.0000	10.3655
3	7.4450E-01	0.0500	0.0815
3	7.4450E-01	0.1000	0.2047
3	7.4450E-01	0.1500	0.3166
3	7.4450E-01	0.2000	0.4295
3	7.4450E-01	0.2500	0.5758
3	7.4450E-01	0.3000	0.6828
3	7.4450E-01	0.3500	0.8238
3	7.4450E-01	0.4000	0.9824
3	7.4450E-01	0.4500	1.1828
3	7.4450E-01	0.5000	1.3545
3	7.4450E-01	0.5500	1.5994
3	7.4450E-01	0.6000	1.7810
3	7.4450E-01	0.6500	2.0105
3	7.4450E-01	0.7000	2.3098
3	7.4450E-01	0.7500	2.6505
3	7.4450E-01	0.8000	2.9936
3	7.4450E-01	0.8500	3.7904
3	7.4450E-01	0.9000	5.0234
3	7.4450E-01	0.9500	6.4291
3	7.4450E-01	1.0000	14.6895
4	3.0650E+00	0.0500	0.1160
4	3.0650E+00	0.1000	0.2073
4	3.0650E+00	0.1500	0.2876
4	3.0650E+00	0.2000	0.4586
4	3.0650E+00	0.2500	0.6092
4	3.0650E+00	0.3000	0.7278
4	3.0650E+00	0.3500	0.9113
4	3.0650E+00	0.4000	1.0466
4	3.0650E+00	0.4500	1.1882
4	3.0650E+00	0.5000	1.4354
4	3.0650E+00	0.5500	1.6794
4	3.0650E+00	0.6000	1.8989
4	3.0650E+00	0.6500	2.1022
4	3.0650E+00	0.7000	2.3628
4	3.0650E+00	0.7500	2.8550
4	3.0650E+00	0.8000	3.2925
4	3.0650E+00	0.8500	4.0430
4	3.0650E+00	0.9000	4.8348
4	3.0650E+00	0.9500	6.0229
4	3.0650E+00	1.0000	12.2688
5	6.6960E-01	0.0500	0.0801
5	6.6960E-01	0.1000	0.1886
5	6.6960E-01	0.1500	0.3397
5	6.6960E-01	0.2000	0.4639
5	6.6960E-01	0.2500	0.5920
5	6.6960E-01	0.3000	0.7550
5	6.6960E-01	0.3500	0.8710
5	6.6960E-01	0.4000	1.0496
5	6.6960E-01	0.4500	1.2164
5	6.6960E-01	0.5000	1.4193
5	6.6960E-01	0.5500	1.5693
5	6.6960E-01	0.6000	1.7672
5	6.6960E-01	0.6500	2.0289
5	6.6960E-01	0.7000	2.5984
5	6.6960E-01	0.7500	2.9548
5	6.6960E-01	0.8000	3.3169
5	6.6960E-01	0.8500	3.7999
5	6.6960E-01	0.9000	4.9725
5	6.6960E-01	0.9500	5.8070
5	6.6960E-01	1.0000	12.8282
6	6.8590E+00	0.0500	0.1058
6	6.8590E+00	0.1000	0.2116
6	6.8590E+00	0.1500	0.3208
6	6.8590E+00	0.2000	0.4423
6	6.8590E+00	0.2500	0.5956
6	6.8590E+00	0.3000	0.7719
6	6.8590E+00	0.3500	0.8792
6	6.8590E+00	0.4000	1.0838
6	6.8590E+00	0.4500	1.2188
6	6.8590E+00	0.5000	1.3728
6	6.8590E+00	0.5500	1.5924
6	6.8590E+00	0.6000	1.8773
6	6.8590E+00	0.6500	2.1630
6	6.8590E+00	0.7000	2.4619
6	6.8590E+00	0.7500	2.7951
6	6.8590E+00	0.8000	3.2325
6	6.8590E+00	0.8500	3.6924
6	6.8590E+00	0.9000	4.6641
6	6.8590E+00	0.9500	6.1673
6	6.8590E+00	1.0000	15.2464
7	1.7450E-01	0.0500	0.0021
7	1.7450E-01	0.1000	0.0125
7	1.7450E-01	0.1500	0.0328
7	1.7450E-01	0.2000	0.0592
7	1.7450E-01	0.2500	0.0973
7	1.7450E-01	0.3000	0.1251
7	1.7450E-01	0.3500	0.1690
7	1.7450E-01	0.4000	0.2154
7	1.7450E-01	0.4500	0.2857
7	1.7450E-01	0.5000	0.3728
7	1.7450E-01	0.5500	0.4667
7	1.7450E-01	0.6000	0.5801
7	1.7450E-01	0.6500	0.7118
7	1.7450E-01	0.7000	0.8581
7	1.7450E-01	0.7500	1.1646
7	1.7450E-01	0.8000	1.4542
7	1.7450E-01	0.8500	1.8513
7	1.7450E-01	0.9000	2.6752
7	1.7450E-01	0.9500	3.8199
7	1.7450E-01	1.0000	7.1716
8	1.0940E+00	0.0500	0.0045
8	1.0940E+00	0.1000	0.0323
8	1.0940E+00	0.1500	0.0649
8	1.0940E+00	0.2000	0.0965
8	1.0940E+00	0.2500	0.1664
8	1.0940E+00	0.3000	0.2173
8	1.0940E+00	0.3500	0.2656
8	1.0940E+00	0.4000	0.3431
8	1.0940E+00	0.4500	0.4219
8	1.0940E+00	0.5000	0.5150
8	1.0940E+00	0.5500	0.6305
8	1.0940E+00	0.6000	0.7614
8	1.0940E+00	0.6500	1.0041
8	1.0940E+00	0.7000	1.1820
8	1.0940E+00	0.7500	1.4058
8	1.0940E+00	0.8000	1.8529
8	1.0940E+00	0.8500	2.4984
8	1.0940E+00	0.9000	3.0703
8	1.0940E+00	0.9500	3.9995
8	1.0940E+00	1.0000	13.2233
9	1.4090E-01	0.0500	0.0061
9	1.4090E-01	0.1000	0.0143
9	1.4090E-01	0.1500	0.0280
9	1.4090E-01	0.2000	0.0476
9	1.4090E-01	0.2500	0.0811
9	1.4090E-01	0.3000	0.1178
9	1.4090E-01	0.3500	0.1572
9	1.4090E-01	0.4000	0.2637
9	1.4090E-01	0.4500	0.3844
9	1.4090E-01	0.5000	0.4634
9	1.4090E-01	0.5500	0.5482
9	1.4090E-01	0.6000	0.6818
9	1.4090E-01	0.6500	0.8472
9	1.4090E-01	0.7000	1.0278
9	1.4090E-01	0.7500	1.2156
9	1.4090E-01	0.8000	1.4653
9	1.4090E-01	0.8500	1.8857
9	1.4090E-01	0.9000	2.3109
9	1.4090E-01	0.9500	3.4898
9	1.4090E-01	1.0000	8.1557
10	2.0050E+00	0.0500	0.0045
10	2.0050E+00	0.1000	0.0173
10	2.0050E+00	0.1500	0.0502
10	2.0050E+00	0.2000	0.0836
10	2.0050E+00	0.2500	0.1227
10	2.0050E+00	0.3000	0.1776
10	2.0050E+00	0.3500	0.2394
10	2.0050E+00	0.4000	0.2987
10	2.0050E+00	0.4500	0.3546
10	2.0050E+00	0.5000	0.5098
10	2.0050E+00	0.5500	0.5768
10	2.0050E+00	0.6000	0.7015
10	2.0050E+00	0.6500	0.9072
10	2.0050E+00	0.7000	1.1591
10	2.0050E+00	0.7500	1.3377
10	2.0050E+00	0.8000	1.6544
10	2.0050E+00	0.8500	2.0462
10	2.0050E+00	0.9000	2.7714
10	2.0050E+00	0.9500	3.3609
10	2.0050E+00	1.0000	6.7149
11	2.7020E+00	0.0500	0.0037
11	2.7020E+00	0.1000	0.0207
11	2.7020E+00	0.1500	0.0497
11	2.7020E+00	0.2000	0.0756
11	2.7020E+00	0.2500	0.1151
11	2.7020E+00	0.3000	0.1398
11	2.7020E+00	0.3500	0.2311
11	2.7020E+00	0.4000	0.2883
11	2.7020E+00	0.4500	0.3627
11	2.7020E+00	0.5000	0.4894
11	2.7020E+00	0.5500	0.6197
11	2.7020E+00	0.6000	0.7693
11	2.7020E+00	0.6500	0.9839
11	2.7020E+00	0.7000	1.1869
11	2.7020E+00	0.7500	1.3456
11	2.7020E+00	0.8000	1.7089
11	2.7020E+00	0.8500	1.9842
11	2.7020E+00	0.9000	2.7266
11	2.7020E+00	0.9500	4.0942
11	2.7020E+00	1.0000	10.6606
12	6.0770E-02	0.0500	0.0032
12	6.0770E-02	0.1000	0.0131
12	6.0770E-02	0.1500	0.0262
12	6.0770E-02	0.2000	0.0429
12	6.0770E-02	0.2500	0.0821
12	6.0770E-02	0.3000	0.1247
12	6.0770E-02	0.3500	0.1770
12	6.0770E-02	0.4000	0.2566
12	6.0770E-02	0.4500	0.3260
12	6.0770E-02	0.5000	0.4619
12	6.0770E-02	0.5500	0.5547
12	6.0770E-02	0.6000	0.6328
12	6.0770E-02	0.6500	0.7479
12	6.0770E-02	0.7000	0.9173
12	6.0770E-02	0.7500	1.1046
12	6.0770E-02	0.8000	1.3538
12	6.0770E-02	0.8500	1.7595
12	6.0770E-02	0.9000	2.2729
12	6.0770E-02	0.9500	3.7356
12	6.0770E-02	1.0000	8.1222
13	9.4160E-01	0.0500	0.1681
13	9.4160E-01	0.1000	0.2294
13	9.4160E-01	0.1500	0.3166
13	9.4160E-01	0.2000	0.5029
13	9.4160E-01	0.2500	0.6098
13	9.4160E-01	0.3000	0.7623
13	9.4160E-01	0.3500	0.9171
13	9.4160E-01	0.4000	1.2014
13	9.4160E-01	0.4500	1.4035
13	9.4160E-01	0.5000	1.5732
13	9.4160E-01	0.5500	1.8092
13	9.4160E-01	0.6000	1.9669
13	9.4160E-01	0.6500	2.2060
13	9.4160E-01	0.7000	2.5596
13	9.4160E-01	0.7500	2.9455
13	9.4160E-01	0.8000	3.6570
13	9.4160E-01	0.8500	4.1026
13	9.4160E-01	0.9000	5.4279
13	9.4160E-01	0.9500	6.3608
13	9.4160E-01	1.0000	12.9033
14	2.3510E+00	0.0500	0.0746
14	2.3510E+00	0.1000	0.1839
14	2.3510E+00	0.1500	0.3339
14	2.3510E+00	0.2000	0.4685
14	2.3510E+00	0.2500	0.6284
14	2.3510E+00	0.3000	0.6957
14	2.3510E+00	0.3500	0.8670
14	2.3510E+00	0.4000	0.9994
14	2.3510E+00	0.4500	1.1713
14	2.3510E+00	0.5000	1.3513
14	2.3510E+00	0.5500	1.5623
14	2.3510E+00	0.6000	1.7587
14	2.3510E+00	0.6500	1.9810
14	2.3510E+00	0.7000	2.3079
14	2.3510E+00	0.7500	2.7212
14	2.3510E+00	0.8000	3.1688
14	2.3510E+00	0.8500	3.9434
14	2.3510E+00	0.9000	4.6151
14	2.3510E+00	0.9500	5.6649
14	2.3510E+00	1.0000	11.0001
15	1.9200E+00	0.0500	0.0065
15	1.9200E+00	0.1000	0.0138
15	1.9200E+00	0.1500	0.0245
15	1.9200E+00	0.2000	0.0617
15	1.9200E+00	0.2500	0.0997
15	1.9200E+00	0.3000	0.1361
15	1.9200E+00	0.3500	0.1760
15	1.9200E+00	0.4000	0.2594
15	1.9200E+00	0.4500	0.3854
15	1.9200E+00	0.5000	0.4573
15	1.9200E+00	0.5500	0.5274
15	1.9200E+00	0.6000	0.6120
15	1.9200E+00	0.6500	0.8078
15	1.9200E+00	0.7000	1.0569
15	1.9200E+00	0.7500	1.2986
15	1.9200E+00	0.8000	1.6589
15	1.9200E+00	0.8500	2.3150
15	1.9200E+00	0.9000	3.2633
15	1.9200E+00	0.9500	4.2089
15	1.9200E+00	1.0000	9.2565
16	3.3000E+00	0.0500	0.0817
16	3.3000E+00	0.1000	0.1692
16	3.3000E+00	0.1500	0.2891
16	3.3000E+00	0.2000	0.3896
16	3.3000E+00	0.2500	0.5617
16	3.3000E+00	0.3000	0.6452
16	3.3000E+00	0.3500	0.7900
16	3.3000E+00	0.4000	0.9500
16	3.3000E+00	0.4500	1.1052
16	3.3000E+00	0.5000	1.2877
16	3.3000E+00	0.5500	1.5049
16	3.3000E+00	0.6000	1.7429
16	3.3000E+00	0.6500	1.9154
16	3.3000E+00	0.7000	2.1632
16	3.3000E+00	0.7500	2.5118
16	3.3000E+00	0.8000	2.8977
16	3.3000E+00	0.8500	3.6744
16	3.3000E+00	0.9000	4.5167
16	3.3000E+00	0.9500	5.6857
16	3.3000E+00	1.0000	14.4707
17	2.9740E+00	0.0500	0.1095
17	2.9740E+00	0.1000	0.2354
17	2.9740E+00	0.1500	0.4553
17	2.9740E+00	0.2000	0.5701
17	2.9740E+00	0.2500	0.6797
17	2.9740E+00	0.3000	0.8169
17	2.9740E+00	0.3500	0.9146
17	2.9740E+00	0.4000	1.0658
17	2.9740E+00	0.4500	1.3401
17	2.9740E+00	0.5000	1.4927
17	2.9740E+00	0.5500	1.6906
17	2.9740E+00	0.6000	1.9267
17	2.9740E+00	0.6500	2.3054
17	2.9740E+00	0.7000	2.6009
17	2.9740E+00	0.7500	2.8847
17	2.9740E+00	0.8000	3.3255
17	2.9740E+00	0.8500	3.9287
17	2.9740E+00	0.9000	4.9944
17	2.9740E+00	0.9500	6.5217
17	2.9740E+00	1.0000	11.1742
18	2.2450E+00	0.0500	0.1041
18	2.2450E+00	0.1000	0.1704
18	2.2450E+00	0.1500	0.3139
18	2.2450E+00	0.2000	0.4077
18	2.2450E+00	0.2500	0.5113
18	2.2450E+00	0.3000	0.6064
18	2.2450E+00	0.3500	0.8013
18	2.2450E+00	0.4000	1.0482
18	2.2450E+00	0.4500	1.2720
18	2.2450E+00	0.5000	1.3870
18	2.2450E+00	0.5500	1.5812
18	2.2450E+00	0.6000	1.9555
18	2.2450E+00	0.6500	2.2455
18	2.2450E+00	0.7000	2.3965
18	2.2450E+00	0.7500	2.8734
18	2.2450E+00	0.8000	3.2520
18	2.2450E+00	0.8500	3.8254
18	2.2450E+00	0.9000	4.3863
18	2.2450E+00	0.9500	6.2350
18	2.2450E+00	1.0000	13.8495
20	3.2970E-01	0.0500	0.0026
20	3.2970E-01	0.1000	0.0112
20	3.2970E-01	0.1500	0.0321
20	3.2970E-01	0.2000	0.0587
20	3.2970E-01	0.2500	0.0814
20	3.2970E-01	0.3000	0.1244
20	3.2970E-01	0.3500	0.1644
20	3.2970E-01	0.4000	0.2129
20	3.2970E-01	0.4500	0.3242
20	3.2970E-01	0.5000	0.4023
20	3.2970E-01	0.5500	0.4872
20	3.2970E-01	0.6000	0.5651
20	3.2970E-01	0.6500	0.7609
20	3.2970E-01	0.7000	0.8805
20	3.2970E-01	0.7500	1.2093
20	3.2970E-01	0.8000	1.5009
20	3.2970E-01	0.8500	1.7378
20	3.2970E-01	0.9000	2.3924
20	3.2970E-01	0.9500	2.9778
20	3.2970E-01	1.0000	10.2374
21	9.5950E-01	0.0500	0.0692
21	9.5950E-01	0.1000	0.1938
21	9.5950E-01	0.1500	0.2665
21	9.5950E-01	0.2000	0.3538
21	9.5950E-01	0.2500	0.4294
21	9.5950E-01	0.3000	0.5209
21	9.5950E-01	0.3500	0.6416
21	9.5950E-01	0.4000	0.8293
21	9.5950E-01	0.4500	1.0107
21	9.5950E-01	0.5000	1.1568
21	9.5950E-01	0.5500	1.4634
21	9.5950E-01	0.6000	1.6980
21	9.5950E-01	0.6500	1.9389
21	9.5950E-01	0.7000	2.1315
21	9.5950E-01	0.7500	2.3723
21	9.5950E-01	0.8000	2.8087
21	9.5950E-01	0.8500	3.2685
21	9.5950E-01	0.9000	4.5946
21	9.5950E-01	0.9500	5.6063
21	9.5950E-01	1.0000	14.4224
22	1.1220E-10	0.0500	0.0000
22	1.1220E-10	0.1000	0.0000
22	1.1220E-10	0.1500	0.0000
22	1.1220E-10	0.2000	0.0000
22	1.1220E-10	0.2500	0.0000
22	1.1220E-10	0.3000	0.0000
22	1.1220E-10	0.3500	0.0000
22	1.1220E-10	0.4000	0.0000
22	1.1220E-10	0.4500	0.0000
22	1.1220E-10	0.5000	0.0000
22	1.1220E-10	0.5500	0.0000
22	1.1220E-10	0.6000	0.0000
22	1.1220E-10	0.6500	0.0000
22	1.1220E-10	0.7000	0.0000
22	1.1220E-10	0.7500	0.0000
22	1.1220E-10	0.8000	0.0000
22	1.1220E-10	0.8500	0.0000
22	1.1220E-10	0.9000	0.0000
22	1.1220E-10	0.9500	0.0000
22	1.1220E-10	1.0000	0.9645
23	4.6430E-02	0.0500	0.0037
23	4.6430E-02	0.1000	0.0113
23	4.6430E-02	0.1500	0.0222
23	4.6430E-02	0.2000	0.0543
23	4.6430E-02	0.2500	0.0946
23	4.6430E-02	0.3000	0.1330
23	4.6430E-02	0.3500	0.1890
23	4.6430E-02	0.4000	0.2857
23	4.6430E-02	0.4500	0.3682
23	4.6430E-02	0.5000	0.4591
23	4.6430E-02	0.5500	0.5578
23	4.6430E-02	0.6000	0.7131
23	4.6430E-02	0.6500	0.8727
23	4.6430E-02	0.7000	1.1313
23	4.6430E-02	0.7500	1.3146
23	4.6430E-02	0.8000	1.5636
23	4.6430E-02	0.8500	1.9943
23	4.6430E-02	0.9000	2.9087
23	4.6430E-02	0.9500	3.6557
23	4.6430E-02	1.0000	11.5447
25	1.9090E-12	0.0500	0.0000
25	1.9090E-12	0.1000	0.0000
25	1.9090E-12	0.1500	0.0000
25	1.9090E-12	0.2000	0.0000
25	1.9090E-12	0.2500	0.0000
25	1.9090E-12	0.3000	0.0000
25	1.9090E-12	0.3500	0.0000
25	1.9090E-12	0.4000	0.0000
25	1.9090E-12	0.4500	0.0000
25	1.9090E-12	0.5000	0.0000
25	1.9090E-12	0.5500	0.0000
25	1.9090E-12	0.6000	0.0000
25	1.9090E-12	0.6500	0.0000
25	1.9090E-12	0.7000	0.0000
25	1.9090E-12	0.7500	0.0036
25	1.9090E-12	0.8000	0.0455
25	1.9090E-12	0.8500	0.2533
25	1.9090E-12	0.9000	0.6787
25	1.9090E-12	0.9500	1.1981
25	1.9090E-12	1.0000	5.9167
26	2.8420E+00	0.0500	0.0599
26	2.8420E+00	0.1000	0.1690
26	2.8420E+00	0.1500	0.2699
26	2.8420E+00	0.2000	0.3606
26	2.8420E+00	0.2500	0.4936
26	2.8420E+00	0.3000	0.6117
26	2.8420E+00	0.3500	0.7404
26	2.8420E+00	0.4000	0.8605
26	2.8420E+00	0.4500	0.9839
26	2.8420E+00	0.5000	1.1215
26	2.8420E+00	0.5500	1.3093
26	2.8420E+00	0.6000	1.5601
26	2.8420E+00	0.6500	1.7767
26	2.8420E+00	0.7000	2.0355
26	2.8420E+00	0.7500	2.6478
26	2.8420E+00	0.8000	3.2708
26	2.8420E+00	0.8500	3.8313
26	2.8420E+00	0.9000	4.6458
26	2.8420E+00	0.9500	6.1817
26	2.8420E+00	1.0000	10.5867
27	8.5780E+00	0.0500	0.1207
27	8.5780E+00	0.1000	0.2747
27	8.5780E+00	0.1500	0.3426
27	8.5780E+00	0.2000	0.4479
27	8.5780E+00	0.2500	0.6293
27	8.5780E+00	0.3000	0.7644
27	8.5780E+00	0.3500	0.9113
27	8.5780E+00	0.4000	0.9810
27	8.5780E+00	0.4500	1.2722
27	8.5780E+00	0.5000	1.3977
27	8.5780E+00	0.5500	1.6846
27	8.5780E+00	0.6000	2.0435
27	8.5780E+00	0.6500	2.4280
27	8.5780E+00	0.7000	2.6621
27	8.5780E+00	0.7500	3.0364
27	8.5780E+00	0.8000	3.4106
27	8.5780E+00	0.8500	3.9487
27	8.5780E+00	0.9000	4.6013
27	8.5780E+00	0.9500	6.0481
27	8.5780E+00	1.0000	15.3380
28	1.1680E+01	0.0500	0.0906
28	1.1680E+01	0.1000	0.1862
28	1.1680E+01	0.1500	0.2963
28	1.1680E+01	0.2000	0.4836
28	1.1680E+01	0.2500	0.5840
28	1.1680E+01	0.3000	0.7249
28	1.1680E+01	0.3500	0.8815
28	1.1680E+01	0.4000	1.0591
28	1.1680E+01	0.4500	1.2040
28	1.1680E+01	0.5000	1.3295
28	1.1680E+01	0.5500	1.5090
28	1.1680E+01	0.6000	1.6740
28	1.1680E+01	0.6500	1.9613
28	1.1680E+01	0.7000	2.3102
28	1.1680E+01	0.7500	2.5133
28	1.1680E+01	0.8000	3.0059
28	1.1680E+01	0.8500	3.4958
28	1.1680E+01	0.9000	4.4460
28	1.1680E+01	0.9500	5.8063
28	1.1680E+01	1.0000	13.2779
29	5.7040E+00	0.0500	0.0877
29	5.7040E+00	0.1000	0.1623
29	5.7040E+00	0.1500	0.3234
29	5.7040E+00	0.2000	0.4925
29	5.7040E+00	0.2500	0.6364
29	5.7040E+00	0.3000	0.7594
29	5.7040E+00	0.3500	0.8935
29	5.7040E+00	0.4000	1.0430
29	5.7040E+00	0.4500	1.2148
29	5.7040E+00	0.5000	1.4583
29	5.7040E+00	0.5500	1.6755
29	5.7040E+00	0.6000	1.9324
29	5.7040E+00	0.6500	2.2204
29	5.7040E+00	0.7000	2.4257
29	5.7040E+00	0.7500	2.7099
29	5.7040E+00	0.8000	3.2238
29	5.7040E+00	0.8500	3.5574
29	5.7040E+00	0.9000	4.3862
29	5.7040E+00	0.9500	5.9636
29	5.7040E+00	1.0000	15.1426
30	2.2580E+00	0.0500	0.0951
30	2.2580E+00	0.1000	0.1435
30	2.2580E+00	0.1500	0.2981
30	2.2580E+00	0.2000	0.4149
30	2.2580E+00	0.2500	0.5571
30	2.2580E+00	0.3000	0.6561
30	2.2580E+00	0.3500	0.7980
30	2.2580E+00	0.4000	0.9407
30	2.2580E+00	0.4500	1.0726
30	2.2580E+00	0.5000	1.3144
30	2.2580E+00	0.5500	1.5143
30	2.2580E+00	0.6000	1.7934
30	2.2580E+00	0.6500	2.0475
30	2.2580E+00	0.7000	2.2513
30	2.2580E+00	0.7500	2.6426
30	2.2580E+00	0.8000	3.0914
30	2.2580E+00	0.8500	3.7427
30	2.2580E+00	0.9000	4.5177
30	2.2580E+00	0.9500	6.1382
30	2.2580E+00	1.0000	12.9065
31	0.0000E+00	0.0500	0.0000
31	0.0000E+00	0.1000	0.0000
31	0.0000E+00	0.1500	0.0000
31	0.0000E+00	0.2000	0.0000
31	0.0000E+00	0.2500	0.0000
31	0.0000E+00	0.3000	0.0000
31	0.0000E+00	0.3500	0.0000
31	0.0000E+00	0.4000	0.0000
31	0.0000E+00	0.4500	0.0000
31	0.0000E+00	0.5000	0.0000
31	0.0000E+00	0.5500	0.0000
31	0.0000E+00	0.6000	0.0000
31	0.0000E+00	0.6500	0.0000
31	0.0000E+00	0.7000	0.0000
31	0.0000E+00	0.7500	0.0000
31	0.0000E+00	0.8000	0.0000
31	0.0000E+00	0.8500	0.0000
31	0.0000E+00	0.9000	0.0000
31	0.0000E+00	0.9500	0.0000
31	0.0000E+00	1.0000	0.0120
32	1.9890E+00	0.0500	0.1266
32	1.9890E+00	0.1000	0.2054
32	1.9890E+00	0.1500	0.3218
32	1.9890E+00	0.2000	0.4606
32	1.9890E+00	0.2500	0.5762
32	1.9890E+00	0.3000	0.7740
32	1.9890E+00	0.3500	0.9506
32	1.9890E+00	0.4000	1.0699
32	1.9890E+00	0.4500	1.1776
32	1.9890E+00	0.5000	1.3906
32	1.9890E+00	0.5500	1.5818
32	1.9890E+00	0.6000	1.7799
32	1.9890E+00	0.6500	2.0982
32	1.9890E+00	0.7000	2.3141
32	1.9890E+00	0.7500	2.8037
32	1.9890E+00	0.8000	3.3281
32	1.9890E+00	0.8500	3.8457
32	1.9890E+00	0.9000	4.5856
32	1.9890E+00	0.9500	5.8292
32	1.9890E+00	1.0000	13.4824
33	3.8430E-02	0.0500	0.0071
33	3.8430E-02	0.1000	0.0188
33	3.8430E-02	0.1500	0.0401
33	3.8430E-02	0.2000	0.0623
33	3.8430E-02	0.2500	0.1182
33	3.8430E-02	0.3000	0.1583
33	3.8430E-02	0.3500	0.2020
33	3.8430E-02	0.4000	0.2447
33	3.8430E-02	0.4500	0.3269
33	3.8430E-02	0.5000	0.4223
33	3.8430E-02	0.5500	0.5494
33	3.8430E-02	0.6000	0.6633
33	3.8430E-02	0.6500	0.7571
33	3.8430E-02	0.7000	0.8955
33	3.8430E-02	0.7500	1.1773
33	3.8430E-02	0.8000	1.5486
33	3.8430E-02	0.8500	2.0237
33	3.8430E-02	0.9000	2.8348
33	3.8430E-02	0.9500	4.1351
33	3.8430E-02	1.0000	9.7299
34	9.3650E-01	0.0500	0.0033
34	9.3650E-01	0.1000	0.0102
34	9.3650E-01	0.1500	0.0314
34	9.3650E-01	0.2000	0.0674
34	9.3650E-01	0.2500	0.1070
34	9.3650E-01	0.3000	0.1600
34	9.3650E-01	0.3500	0.2289
34	9.3650E-01	0.4000	0.2873
34	9.3650E-01	0.4500	0.3472
34	9.3650E-01	0.5000	0.4749
34	9.3650E-01	0.5500	0.5723
34	9.3650E-01	0.6000	0.7042
34	9.3650E-01	0.6500	0.8528
34	9.3650E-01	0.7000	1.0268
34	9.3650E-01	0.7500	1.2554
34	9.3650E-01	0.8000	1.7454
34	9.3650E-01	0.8500	2.1089
34	9.3650E-01	0.9000	2.6815
34	9.3650E-01	0.9500	3.9432
34	9.3650E-01	1.0000	7.5399
35	1.4410E-02	0.0500	0.0054
35	1.4410E-02	0.1000	0.0206
35	1.4410E-02	0.1500	0.0481
35	1.4410E-02	0.2000	0.0745
35	1.4410E-02	0.2500	0.1167
35	1.4410E-02	0.3000	0.1630
35	1.4410E-02	0.3500	0.2477
35	1.4410E-02	0.4000	0.3303
35	1.4410E-02	0.4500	0.4679
35	1.4410E-02	0.5000	0.5589
35	1.4410E-02	0.5500	0.7293
35	1.4410E-02	0.6000	0.8499
35	1.4410E-02	0.6500	0.9938
35	1.4410E-02	0.7000	1.1706
35	1.4410E-02	0.7500	1.4015
35	1.4410E-02	0.8000	1.7603
35	1.4410E-02	0.8500	2.0502
35	1.4410E-02	0.9000	2.7448
35	1.4410E-02	0.9500	3.8237
35	1.4410E-02	1.0000	9.3566
36	3.4430E-01	0.0500	0.1152
36	3.4430E-01	0.1000	0.2113
36	3.4430E-01	0.1500	0.2982
36	3.4430E-01	0.2000	0.5001
36	3.4430E-01	0.2500	0.6053
36	3.4430E-01	0.3000	0.7520
36	3.4430E-01	0.3500	0.8724
36	3.4430E-01	0.4000	1.0685
36	3.4430E-01	0.4500	1.1884
36	3.4430E-01	0.5000	1.3520
36	3.4430E-01	0.5500	1.6593
36	3.4430E-01	0.6000	1.9254
36	3.4430E-01	0.6500	2.0662
36	3.4430E-01	0.7000	2.3506
36	3.4430E-01	0.7500	2.8180
36	3.4430E-01	0.8000	3.2604
36	3.4430E-01	0.8500	3.9715
36	3.4430E-01	0.9000	4.6841
36	3.4430E-01	0.9500	6.0818
36	3.4430E-01	1.0000	10.3232
39	3.7870E+00	0.0500	0.0812
39	3.7870E+00	0.1000	0.1946
39	3.7870E+00	0.1500	0.3070
39	3.7870E+00	0.2000	0.3941
39	3.7870E+00	0.2500	0.5336
39	3.7870E+00	0.3000	0.6496
39	3.7870E+00	0.3500	0.7968
39	3.7870E+00	0.4000	0.9533
39	3.7870E+00	0.4500	1.0989
39	3.7870E+00	0.5000	1.2841
39	3.7870E+00	0.5500	1.4384
39	3.7870E+00	0.6000	1.6850
39	3.7870E+00	0.6500	1.9905
39	3.7870E+00	0.7000	2.3026
39	3.7870E+00	0.7500	2.8126
39	3.7870E+00	0.8000	3.3702
39	3.7870E+00	0.8500	3.7669
39	3.7870E+00	0.9000	4.9634
39	3.7870E+00	0.9500	6.5010
39	3.7870E+00	1.0000	11.6697
40	1.1650E+00	0.0500	0.0032
40	1.1650E+00	0.1000	0.0155
40	1.1650E+00	0.1500	0.0385
40	1.1650E+00	0.2000	0.0732
40	1.1650E+00	0.2500	0.1163
40	1.1650E+00	0.3000	0.1560
40	1.1650E+00	0.3500	0.2165
40	1.1650E+00	0.4000	0.2776
40	1.1650E+00	0.4500	0.3810
40	1.1650E+00	0.5000	0.4463
40	1.1650E+00	0.5500	0.5644
40	1.1650E+00	0.6000	0.7012
40	1.1650E+00	0.6500	0.9221
40	1.1650E+00	0.7000	1.0681
40	1.1650E+00	0.7500	1.3549
40	1.1650E+00	0.8000	1.6778
40	1.1650E+00	0.8500	2.0019
40	1.1650E+00	0.9000	2.8123
40	1.1650E+00	0.9500	4.2390
40	1.1650E+00	1.0000	11.5530
41	5.2870E+00	0.0500	0.0966
41	5.2870E+00	0.1000	0.1910
41	5.2870E+00	0.1500	0.2913
41	5.2870E+00	0.2000	0.3940
41	5.2870E+00	0.2500	0.5442
41	5.2870E+00	0.3000	0.6205
41	5.2870E+00	0.3500	0.8159
41	5.2870E+00	0.4000	0.9432
41	5.2870E+00	0.4500	1.0473
41	5.2870E+00	0.5000	1.1555
41	5.2870E+00	0.5500	1.3599
41	5.2870E+00	0.6000	1.5843
41	5.2870E+00	0.6500	1.9011
41	5.2870E+00	0.7000	2.1925
41	5.2870E+00	0.7500	2.7259
41	5.2870E+00	0.8000	3.1282
41	5.2870E+00	0.8500	4.0825
41	5.2870E+00	0.9000	4.8118
41	5.2870E+00	0.9500	5.9330
41	5.2870E+00	1.0000	14.5549
42	6.1220E-01	0.0500	0.0047
42	6.1220E-01	0.1000	0.0218
42	6.1220E-01	0.1500	0.0399
42	6.1220E-01	0.2000	0.0628
42	6.1220E-01	0.2500	0.0936
42	6.1220E-01	0.3000	0.1339
42	6.1220E-01	0.3500	0.1846
42	6.1220E-01	0.4000	0.2628
42	6.1220E-01	0.4500	0.3221
42	6.1220E-01	0.5000	0.4098
42	6.1220E-01	0.5500	0.5712
42	6.1220E-01	0.6000	0.6757
42	6.1220E-01	0.6500	0.8172
42	6.1220E-01	0.7000	1.0212
42	6.1220E-01	0.7500	1.2429
42	6.1220E-01	0.8000	1.7122
42	6.1220E-01	0.8500	2.0861
42	6.1220E-01	0.9000	2.7721
42	6.1220E-01	0.9500	4.1115
42	6.1220E-01	1.0000	9.2480
43	3.1100E-01	0.0500	0.0956
43	3.1100E-01	0.1000	0.1674
43	3.1100E-01	0.1500	0.3178
43	3.1100E-01	0.2000	0.4691
43	3.1100E-01	0.2500	0.5858
43	3.1100E-01	0.3000	0.7359
43	3.1100E-01	0.3500	0.9895
43	3.1100E-01	0.4000	1.1183
43	3.1100E-01	0.4500	1.2504
43	3.1100E-01	0.5000	1.5418
43	3.1100E-01	0.5500	1.7958
43	3.1100E-01	0.6000	1.9487
43	3.1100E-01	0.6500	2.2005
43	3.1100E-01	0.7000	2.4701
43	3.1100E-01	0.7500	2.8349
43	3.1100E-01	0.8000	3.1970
43	3.1100E-01	0.8500	3.7601
43	3.1100E-01	0.9000	4.6713
43	3.1100E-01	0.9500	6.3630
43	3.1100E-01	1.0000	10.3140
44	6.8310E-01	0.0500	0.0040
44	6.8310E-01	0.1000	0.0187
44	6.8310E-01	0.1500	0.0390
44	6.8310E-01	0.2000	0.0754
44	6.8310E-01	0.2500	0.1334
44	6.8310E-01	0.3000	0.1870
44	6.8310E-01	0.3500	0.2662
44	6.8310E-01	0.4000	0.3199
44	6.8310E-01	0.4500	0.3686
44	6.8310E-01	0.5000	0.4673
44	6.8310E-01	0.5500	0.6347
44	6.8310E-01	0.6000	0.7997
44	6.8310E-01	0.6500	1.0659
44	6.8310E-01	0.7000	1.2831
44	6.8310E-01	0.7500	1.4486
44	6.8310E-01	0.8000	1.6818
44	6.8310E-01	0.8500	2.0119
44	6.8310E-01	0.9000	2.5885
44	6.8310E-01	0.9500	3.7973
44	6.8310E-01	1.0000	7.0876
45	3.1910E+00	0.0500	0.0969
45	3.1910E+00	0.1000	0.1811
45	3.1910E+00	0.1500	0.3130
45	3.1910E+00	0.2000	0.4184
45	3.1910E+00	0.2500	0.5917
45	3.1910E+00	0.3000	0.7234
45	3.1910E+00	0.3500	0.8886
45	3.1910E+00	0.4000	1.0675
45	3.1910E+00	0.4500	1.2915
45	3.1910E+00	0.5000	1.4420
45	3.1910E+00	0.5500	1.6316
45	3.1910E+00	0.6000	1.9112
45	3.1910E+00	0.6500	2.0771
45	3.1910E+00	0.7000	2.3089
45	3.1910E+00	0.7500	2.4797
45	3.1910E+00	0.8000	2.8331
45	3.1910E+00	0.8500	3.4659
45	3.1910E+00	0.9000	4.3573
45	3.1910E+00	0.9500	5.2850
45	3.1910E+00	1.0000	16.1957
46	7.0340E-02	0.0500	0.0024
46	7.0340E-02	0.1000	0.0129
46	7.0340E-02	0.1500	0.0246
46	7.0340E-02	0.2000	0.0426
46	7.0340E-02	0.2500	0.0869
46	7.0340E-02	0.3000	0.1469
46	7.0340E-02	0.3500	0.2181
46	7.0340E-02	0.4000	0.2800
46	7.0340E-02	0.4500	0.3553
46	7.0340E-02	0.5000	0.4202
46	7.0340E-02	0.5500	0.5539
46	7.0340E-02	0.6000	0.6478
46	7.0340E-02	0.6500	0.8599
46	7.0340E-02	0.7000	1.0462
46	7.0340E-02	0.7500	1.2483
46	7.0340E-02	0.8000	1.4787
46	7.0340E-02	0.8500	1.9014
46	7.0340E-02	0.9000	2.3813
46	7.0340E-02	0.9500	3.3100
46	7.0340E-02	1.0000	9.0802
47	9.3470E+00	0.0500	0.1002
47	9.3470E+00	0.1000	0.1759
47	9.3470E+00	0.1500	0.3150
47	9.3470E+00	0.2000	0.4095
47	9.3470E+00	0.2500	0.5736
47	9.3470E+00	0.3000	0.6990
47	9.3470E+00	0.3500	0.8304
47	9.3470E+00	0.4000	1.0319
47	9.3470E+00	0.4500	1.1985
47	9.3470E+00	0.5000	1.4002
47	9.3470E+00	0.5500	1.6147
47	9.3470E+00	0.6000	1.8571
47	9.3470E+00	0.6500	2.0753
47	9.3470E+00	0.7000	2.4759
47	9.3470E+00	0.7500	2.9544
47	9.3470E+00	0.8000	3.2706
47	9.3470E+00	0.8500	3.8178
47	9.3470E+00	0.9000	4.6884
47	9.3470E+00	0.9500	6.2322
47	9.3470E+00	1.0000	10.9924
48	5.7250E+00	0.0500	0.0966
48	5.7250E+00	0.1000	0.2387
48	5.7250E+00	0.1500	0.3356
48	5.7250E+00	0.2000	0.4410
48	5.7250E+00	0.2500	0.5302
48	5.7250E+00	0.3000	0.6726
48	5.7250E+00	0.3500	0.8739
48	5.7250E+00	0.4000	1.1404
48	5.7250E+00	0.4500	1.3095
48	5.7250E+00	0.5000	1.5337
48	5.7250E+00	0.5500	1.7469
48	5.7250E+00	0.6000	2.0483
48	5.7250E+00	0.6500	2.2382
48	5.7250E+00	0.7000	2.6996
48	5.7250E+00	0.7500	3.0668
48	5.7250E+00	0.8000	3.5155
48	5.7250E+00	0.8500	4.1005
48	5.7250E+00	0.9000	5.0573
48	5.7250E+00	0.9500	6.3585
48	5.7250E+00	1.0000	8.7414
49	1.9630E+00	0.0500	0.0051
49	1.9630E+00	0.1000	0.0175
49	1.9630E+00	0.1500	0.0417
49	1.9630E+00	0.2000	0.0736
49	1.9630E+00	0.2500	0.1038
49	1.9630E+00	0.3000	0.1514
49	1.9630E+00	0.3500	0.1873
49	1.9630E+00	0.4000	0.2401
49	1.9630E+00	0.4500	0.3313
49	1.9630E+00	0.5000	0.4121
49	1.9630E+00	0.5500	0.5205
49	1.9630E+00	0.6000	0.6936
49	1.9630E+00	0.6500	0.7970
49	1.9630E+00	0.7000	0.9197
49	1.9630E+00	0.7500	1.1093
49	1.9630E+00	0.8000	1.2960
49	1.9630E+00	0.8500	1.6072
49	1.9630E+00	0.9000	2.5603
49	1.9630E+00	0.9500	3.9223
49	1.9630E+00	1.0000	8.7581
50	8.1070E-01	0.0500	0.0067
50	8.1070E-01	0.1000	0.0221
50	8.1070E-01	0.1500	0.0391
50	8.1070E-01	0.2000	0.0689
50	8.1070E-01	0.2500	0.1190
50	8.1070E-01	0.3000	0.1435
50	8.1070E-01	0.3500	0.1874
50	8.1070E-01	0.4000	0.2435
50	8.1070E-01	0.4500	0.3462
50	8.1070E-01	0.5000	0.4673
50	8.1070E-01	0.5500	0.5476
50	8.1070E-01	0.6000	0.6505
50	8.1070E-01	0.6500	0.7684
50	8.1070E-01	0.7000	0.9529
50	8.1070E-01	0.7500	1.2195
50	8.1070E-01	0.8000	1.5613
50	8.1070E-01	0.8500	2.0645
50	8.1070E-01	0.9000	3.5841
50	8.1070E-01	0.9500	5.1027
50	8.1070E-01	1.0000	11.3968
51	9.0970E+00	0.0500	0.0886
51	9.0970E+00	0.1000	0.2025
51	9.0970E+00	0.1500	0.3406
51	9.0970E+00	0.2000	0.4232
51	9.0970E+00	0.2500	0.5785
51	9.0970E+00	0.3000	0.7270
51	9.0970E+00	0.3500	0.8996
51	9.0970E+00	0.4000	0.9943
51	9.0970E+00	0.4500	1.1641
51	9.0970E+00	0.5000	1.3253
51	9.0970E+00	0.5500	1.4776
51	9.0970E+00	0.6000	1.7222
51	9.0970E+00	0.6500	2.0203
51	9.0970E+00	0.7000	2.2850
51	9.0970E+00	0.7500	2.5678
51	9.0970E+00	0.8000	3.0998
51	9.0970E+00	0.8500	3.8064
51	9.0970E+00	0.9000	4.6463
51	9.0970E+00	0.9500	6.3310
51	9.0970E+00	1.0000	12.8619
52	9.5250E-12	0.0500	0.0000
52	9.5250E-12	0.1000	0.0000
52	9.5250E-12	0.1500	0.0000
52	9.5250E-12	0.2000	0.0000
52	9.5250E-12	0.2500	0.0000
52	9.5250E-12	0.3000	0.0000
52	9.5250E-12	0.3500	0.0000
52	9.5250E-12	0.4000	0.0000
52	9.5250E-12	0.4500	0.0000
52	9.5250E-12	0.5000	0.0000
52	9.5250E-12	0.5500	0.0000
52	9.5250E-12	0.6000	0.0000
52	9.5250E-12	0.6500	0.0000
52	9.5250E-12	0.7000	0.0000
52	9.5250E-12	0.7500	0.0000
52	9.5250E-12	0.8000	0.0000
52	9.5250E-12	0.8500	0.0000
52	9.5250E-12	0.9000	0.0000
52	9.5250E-12	0.9500	0.0331
52	9.5250E-12	1.0000	3.2436
54	2.6170E+00	0.0500	0.1082
54	2.6170E+00	0.1000	0.2036
54	2.6170E+00	0.1500	0.3238
54	2.6170E+00	0.2000	0.4488
54	2.6170E+00	0.2500	0.5871
54	2.6170E+00	0.3000	0.7015
54	2.6170E+00	0.3500	0.8175
54	2.6170E+00	0.4000	0.9716
54	2.6170E+00	0.4500	1.1320
54	2.6170E+00	0.5000	1.2892
54	2.6170E+00	0.5500	1.5481
54	2.6170E+00	0.6000	1.8197
54	2.6170E+00	0.6500	1.9195
54	2.6170E+00	0.7000	2.2163
54	2.6170E+00	0.7500	2.6724
54	2.6170E+00	0.8000	3.0007
54	2.6170E+00	0.8500	3.4033
54	2.6170E+00	0.9000	4.1922
54	2.6170E+00	0.9500	5.2230
54	2.6170E+00	1.0000	12.6612
55	5.3170E+00	0.0500	0.1041
55	5.3170E+00	0.1000	0.2095
55	5.3170E+00	0.1500	0.3155
55	5.3170E+00	0.2000	0.4237
55	5.3170E+00	0.2500	0.5280
55	5.3170E+00	0.3000	0.6136
55	5.3170E+00	0.3500	0.7284
55	5.3170E+00	0.4000	0.8704
55	5.3170E+00	0.4500	1.0075
55	5.3170E+00	0.5000	1.1837
55	5.3170E+00	0.5500	1.3587
55	5.3170E+00	0.6000	1.5905
55	5.3170E+00	0.6500	1.8574
55	5.3170E+00	0.7000	2.1833
55	5.3170E+00	0.7500	2.5397
55	5.3170E+00	0.8000	2.9124
55	5.3170E+00	0.8500	3.2569
55	5.3170E+00	0.9000	4.2137
55	5.3170E+00	0.9500	5.9184
55	5.3170E+00	1.0000	9.1590
57	1.5660E+00	0.0500	0.1183
57	1.5660E+00	0.1000	0.2713
57	1.5660E+00	0.1500	0.4402
57	1.5660E+00	0.2000	0.5616
57	1.5660E+00	0.2500	0.6708
57	1.5660E+00	0.3000	0.8422
57	1.5660E+00	0.3500	0.9398
57	1.5660E+00	0.4000	1.0829
57	1.5660E+00	0.4500	1.2640
57	1.5660E+00	0.5000	1.5345
57	1.5660E+00	0.5500	1.6950
57	1.5660E+00	0.6000	1.8307
57	1.5660E+00	0.6500	2.1078
57	1.5660E+00	0.7000	2.4466
57	1.5660E+00	0.7500	2.9230
57	1.5660E+00	0.8000	3.2579
57	1.5660E+00	0.8500	3.8210
57	1.5660E+00	0.9000	4.5580
57	1.5660E+00	0.9500	5.7784
57	1.5660E+00	1.0000	13.9542
58	1.3190E+00	0.0500	0.0708
58	1.3190E+00	0.1000	0.1773
58	1.3190E+00	0.1500	0.3009
58	1.3190E+00	0.2000	0.4150
58	1.3190E+00	0.2500	0.5322
58	1.3190E+00	0.3000	0.6474
58	1.3190E+00	0.3500	0.8049
58	1.3190E+00	0.4000	1.0045
58	1.3190E+00	0.4500	1.2093
58	1.3190E+00	0.5000	1.4029
58	1.3190E+00	0.5500	1.6183
58	1.3190E+00	0.6000	1.7451
58	1.3190E+00	0.6500	1.9204
58	1.3190E+00	0.7000	2.1098
58	1.3190E+00	0.7500	2.3755
58	1.3190E+00	0.8000	2.7611
58	1.3190E+00	0.8500	3.2954
58	1.3190E+00	0.9000	3.9338
58	1.3190E+00	0.9500	5.6162
58	1.3190E+00	1.0000	10.9226
59	2.3330E-01	0.0500	0.1325
59	2.3330E-01	0.1000	0.2284
59	2.3330E-01	0.1500	0.3538
59	2.3330E-01	0.2000	0.5618
59	2.3330E-01	0.2500	0.6311
59	2.3330E-01	0.3000	0.7469
59	2.3330E-01	0.3500	0.9561
59	2.3330E-01	0.4000	1.0809
59	2.3330E-01	0.4500	1.2544
59	2.3330E-01	0.5000	1.5274
59	2.3330E-01	0.5500	1.6786
59	2.3330E-01	0.6000	1.9513
59	2.3330E-01	0.6500	2.2478
59	2.3330E-01	0.7000	2.5027
59	2.3330E-01	0.7500	2.9472
59	2.3330E-01	0.8000	3.4721
59	2.3330E-01	0.8500	4.0181
59	2.3330E-01	0.9000	4.9252
59	2.3330E-01	0.9500	6.9540
59	2.3330E-01	1.0000	13.2814
60	5.5960E-01	0.0500	0.0013
60	5.5960E-01	0.1000	0.0096
60	5.5960E-01	0.1500	0.0204
60	5.5960E-01	0.2000	0.0362
60	5.5960E-01	0.2500	0.0615
60	5.5960E-01	0.3000	0.1024
60	5.5960E-01	0.3500	0.1507
60	5.5960E-01	0.4000	0.2161
60	5.5960E-01	0.4500	0.2731
60	5.5960E-01	0.5000	0.3626
60	5.5960E-01	0.5500	0.5146
60	5.5960E-01	0.6000	0.6378
60	5.5960E-01	0.6500	0.7769
60	5.5960E-01	0.7000	1.0592
60	5.5960E-01	0.7500	1.3187
60	5.5960E-01	0.8000	1.8520
60	5.5960E-01	0.8500	2.2115
60	5.5960E-01	0.9000	2.7307
60	5.5960E-01	0.9500	4.2398
60	5.5960E-01	1.0000	9.1481
61	1.6840E+00	0.0500	0.0940
61	1.6840E+00	0.1000	0.1831
61	1.6840E+00	0.1500	0.2569
61	1.6840E+00	0.2000	0.4143
61	1.6840E+00	0.2500	0.5246
61	1.6840E+00	0.3000	0.6426
61	1.6840E+00	0.3500	0.7742
61	1.6840E+00	0.4000	0.9070
61	1.6840E+00	0.4500	0.9968
61	1.6840E+00	0.5000	1.2354
61	1.6840E+00	0.5500	1.4249
61	1.6840E+00	0.6000	1.6581
61	1.6840E+00	0.6500	1.9599
61	1.6840E+00	0.7000	2.1792
61	1.6840E+00	0.7500	2.4998
61	1.6840E+00	0.8000	2.9632
61	1.6840E+00	0.8500	3.7219
61	1.6840E+00	0.9000	4.6250
61	1.6840E+00	0.9500	5.4363
61	1.6840E+00	1.0000	9.6142
62	6.1910E-11	0.0500	0.0000
62	6.1910E-11	0.1000	0.0000
62	6.1910E-11	0.1500	0.0000
62	6.1910E-11	0.2000	0.0000
62	6.1910E-11	0.2500	0.0000
62	6.1910E-11	0.3000	0.0000
62	6.1910E-11	0.3500	0.0000
62	6.1910E-11	0.4000	0.0000
62	6.1910E-11	0.4500	0.0000
62	6.1910E-11	0.5000	0.0000
62	6.1910E-11	0.5500	0.0000
62	6.1910E-11	0.6000	0.0000
62	6.1910E-11	0.6500	0.0000
62	6.1910E-11	0.7000	0.0000
62	6.1910E-11	0.7500	0.0000
62	6.1910E-11	0.8000	0.0000
62	6.1910E-11	0.8500	0.0000
62	6.1910E-11	0.9000	0.0000
62	6.1910E-11	0.9500	0.0103
62	6.1910E-11	1.0000	3.6461
63	3.2820E+00	0.0500	0.1355
63	3.2820E+00	0.1000	0.2828
63	3.2820E+00	0.1500	0.3940
63	3.2820E+00	0.2000	0.4991
63	3.2820E+00	0.2500	0.6396
63	3.2820E+00	0.3000	0.7724
63	3.2820E+00	0.3500	0.8737
63	3.2820E+00	0.4000	0.9882
63	3.2820E+00	0.4500	1.1426
63	3.2820E+00	0.5000	1.3502
63	3.2820E+00	0.5500	1.5025
63	3.2820E+00	0.6000	1.7337
63	3.2820E+00	0.6500	2.0455
63	3.2820E+00	0.7000	2.2536
63	3.2820E+00	0.7500	2.6214
63	3.2820E+00	0.8000	3.1221
63	3.2820E+00	0.8500	3.4804
63	3.2820E+00	0.9000	4.4041
63	3.2820E+00	0.9500	5.8342
63	3.2820E+00	1.0000	8.6982
64	5.8070E+00	0.0500	0.0842
64	5.8070E+00	0.1000	0.2255
64	5.8070E+00	0.1500	0.3246
64	5.8070E+00	0.2000	0.4855
64	5.8070E+00	0.2500	0.5766
64	5.8070E+00	0.3000	0.7488
64	5.8070E+00	0.3500	0.8671
64	5.8070E+00	0.4000	0.9884
64	5.8070E+00	0.4500	1.1660
64	5.8070E+00	0.5000	1.3329
64	5.8070E+00	0.5500	1.5520
64	5.8070E+00	0.6000	1.8542
64	5.8070E+00	0.6500	2.1625
64	5.8070E+00	0.7000	2.4079
64	5.8070E+00	0.7500	2.8820
64	5.8070E+00	0.8000	3.1229
64	5.8070E+00	0.8500	3.6064
64	5.8070E+00	0.9000	4.3386
64	5.8070E+00	0.9500	5.4245
64	5.8070E+00	1.0000	10.5810
65	1.1410E+00	0.0500	0.1390
65	1.1410E+00	0.1000	0.2806
65	1.1410E+00	0.1500	0.3895
65	1.1410E+00	0.2000	0.6572
65	1.1410E+00	0.2500	0.8191
65	1.1410E+00	0.3000	0.9580
65	1.1410E+00	0.3500	1.0365
65	1.1410E+00	0.4000	1.1811
65	1.1410E+00	0.4500	1.3895
65	1.1410E+00	0.5000	1.5033
65	1.1410E+00	0.5500	1.7264
65	1.1410E+00	0.6000	1.9722
65	1.1410E+00	0.6500	2.1903
65	1.1410E+00	0.7000	2.5672
65	1.1410E+00	0.7500	2.9396
65	1.1410E+00	0.8000	3.3506
65	1.1410E+00	0.8500	3.8815
65	1.1410E+00	0.9000	4.5527
65	1.1410E+00	0.9500	5.6588
65	1.1410E+00	1.0000	11.4535
66	5.7930E+00	0.0500	0.0973
66	5.7930E+00	0.1000	0.1985
66	5.7930E+00	0.1500	0.3266
66	5.7930E+00	0.2000	0.4596
66	5.7930E+00	0.2500	0.6329
66	5.7930E+00	0.3000	0.7842
66	5.7930E+00	0.3500	0.9776
66	5.7930E+00	0.4000	1.1226
66	5.7930E+00	0.4500	1.4020
66	5.7930E+00	0.5000	1.5376
66	5.7930E+00	0.5500	1.6902
66	5.7930E+00	0.6000	1.8964
66	5.7930E+00	0.6500	2.1812
66	5.7930E+00	0.7000	2.4302
66	5.7930E+00	0.7500	2.7509
66	5.7930E+00	0.8000	3.1101
66	5.7930E+00	0.8500	3.5804
66	5.7930E+00	0.9000	4.2764
66	5.7930E+00	0.9500	4.9168
66	5.7930E+00	1.0000	11.0880
67	2.7960E+00	0.0500	0.0881
67	2.7960E+00	0.1000	0.2296
67	2.7960E+00	0.1500	0.3158
67	2.7960E+00	0.2000	0.4711
67	2.7960E+00	0.2500	0.6226
67	2.7960E+00	0.3000	0.7041
67	2.7960E+00	0.3500	0.8830
67	2.7960E+00	0.4000	1.0141
67	2.7960E+00	0.4500	1.1765
67	2.7960E+00	0.5000	1.3233
67	2.7960E+00	0.5500	1.4802
67	2.7960E+00	0.6000	1.6200
67	2.7960E+00	0.6500	1.9350
67	2.7960E+00	0.7000	2.2234
67	2.7960E+00	0.7500	2.7753
67	2.7960E+00	0.8000	3.2422
67	2.7960E+00	0.8500	4.1013
67	2.7960E+00	0.9000	4.5240
67	2.7960E+00	0.9500	6.3592
67	2.7960E+00	1.0000	12.9936
68	8.5150E-01	0.0500	0.1340
68	8.5150E-01	0.1000	0.2561
68	8.5150E-01	0.1500	0.4333
68	8.5150E-01	0.2000	0.6194
68	8.5150E-01	0.2500	0.7269
68	8.5150E-01	0.3000	0.8644
68	8.5150E-01	0.3500	1.0203
68	8.5150E-01	0.4000	1.2772
68	8.5150E-01	0.4500	1.4184
68	8.5150E-01	0.5000	1.6739
68	8.5150E-01	0.5500	1.8878
68	8.5150E-01	0.6000	2.0196
68	8.5150E-01	0.6500	2.3937
68	8.5150E-01	0.7000	2.7144
68	8.5150E-01	0.7500	3.0425
68	8.5150E-01	0.8000	3.4275
68	8.5150E-01	0.8500	4.0565
68	8.5150E-01	0.9000	4.8449
68	8.5150E-01	0.9500	6.1577
68	8.5150E-01	1.0000	10.8441
69	4.1210E+00	0.0500	0.1004
69	4.1210E+00	0.1000	0.2465
69	4.1210E+00	0.1500	0.3529
69	4.1210E+00	0.2000	0.4523
69	4.1210E+00	0.2500	0.5480
69	4.1210E+00	0.3000	0.7186
69	4.1210E+00	0.3500	0.8447
69	4.1210E+00	0.4000	1.0656
69	4.1210E+00	0.4500	1.2792
69	4.1210E+00	0.5000	1.5249
69	4.1210E+00	0.5500	1.6785
69	4.1210E+00	0.6000	1.9224
69	4.1210E+00	0.6500	2.1262
69	4.1210E+00	0.7000	2.5603
69	4.1210E+00	0.7500	3.1893
69	4.1210E+00	0.8000	3.8296
69	4.1210E+00	0.8500	4.3265
69	4.1210E+00	0.9000	4.9479
69	4.1210E+00	0.9500	6.2245
69	4.1210E+00	1.0000	11.0264
70	1.8470E+00	0.0500	0.1771
70	1.8470E+00	0.1000	0.2389
70	1.8470E+00	0.1500	0.3546
70	1.8470E+00	0.2000	0.4517
70	1.8470E+00	0.2500	0.5735
70	1.8470E+00	0.3000	0.7428
70	1.8470E+00	0.3500	0.9212
70	1.8470E+00	0.4000	1.1367
70	1.8470E+00	0.4500	1.2444
70	1.8470E+00	0.5000	1.4223
70	1.8470E+00	0.5500	1.6363
70	1.8470E+00	0.6000	1.9078
70	1.8470E+00	0.6500	2.1576
70	1.8470E+00	0.7000	2.4735
70	1.8470E+00	0.7500	2.9756
70	1.8470E+00	0.8000	3.2650
70	1.8470E+00	0.8500	3.6395
70	1.8470E+00	0.9000	4.1605
70	1.8470E+00	0.9500	5.2725
70	1.8470E+00	1.0000	9.8244
71	2.6420E+00	0.0500	0.0032
71	2.6420E+00	0.1000	0.0162
71	2.6420E+00	0.1500	0.0351
71	2.6420E+00	0.2000	0.0594
71	2.6420E+00	0.2500	0.0984
71	2.6420E+00	0.3000	0.1514
71	2.6420E+00	0.3500	0.1979
71	2.6420E+00	0.4000	0.2786
71	2.6420E+00	0.4500	0.3414
71	2.6420E+00	0.5000	0.4669
71	2.6420E+00	0.5500	0.6166
71	2.6420E+00	0.6000	0.7542
71	2.6420E+00	0.6500	0.9426
71	2.6420E+00	0.7000	1.1902
71	2.6420E+00	0.7500	1.5383
71	2.6420E+00	0.8000	1.7854
71	2.6420E+00	0.8500	2.0472
71	2.6420E+00	0.9000	2.5474
71	2.6420E+00	0.9500	3.4707
71	2.6420E+00	1.0000	9.3482
72	1.1710E+01	0.0500	0.0865
72	1.1710E+01	0.1000	0.2018
72	1.1710E+01	0.1500	0.3174
72	1.1710E+01	0.2000	0.4006
72	1.1710E+01	0.2500	0.4843
72	1.1710E+01	0.3000	0.5472
72	1.1710E+01	0.3500	0.6088
72	1.1710E+01	0.4000	0.7731
72	1.1710E+01	0.4500	0.9379
72	1.1710E+01	0.5000	1.1665
72	1.1710E+01	0.5500	1.4183
72	1.1710E+01	0.6000	1.6879
72	1.1710E+01	0.6500	1.8691
72	1.1710E+01	0.7000	2.1854
72	1.1710E+01	0.7500	2.5873
72	1.1710E+01	0.8000	3.1616
72	1.1710E+01	0.8500	3.8550
72	1.1710E+01	0.9000	5.4694
72	1.1710E+01	0.9500	6.5095
72	1.1710E+01	1.0000	10.7691
