relaxation_rate_name	relaxation_rate_unit	field	residue	value	uncertainty	flag	fit_value	t-value
R1	(1/s)	499.700	2	1.210	0.027	1	1.204	2.310E-01
R1	(1/s)	499.700	5	1.497	0.033	1	1.555	-1.780E+00
R1	(1/s)	499.700	6	1.510	0.030	1	1.518	-2.670E-01
R1	(1/s)	499.700	8	1.572	0.022	1	1.674	-4.610E+00
R1	(1/s)	499.700	9	1.621	0.024	1	1.681	-2.450E+00
R1	(1/s)	499.700	10	1.605	0.038	1	1.676	-1.890E+00
R1	(1/s)	499.700	11	1.622	0.032	1	1.613	2.700E-01
R1	(1/s)	499.700	13	1.453	0.020	1	1.488	-1.730E+00
R1	(1/s)	499.700	14	1.678	0.027	1	1.585	3.410E+00
R1	(1/s)	499.700	15	1.214	0.012	1	1.111	8.840E+00
R1	(1/s)	499.700	18	1.530	0.021	1	1.543	-6.360E-01
R1	(1/s)	499.700	20	1.625	0.025	1	1.684	-2.350E+00
R1	(1/s)	499.700	21	1.610	0.015	1	1.680	-4.820E+00
R1	(1/s)	499.700	22	1.655	0.018	1	1.661	-3.160E-01
R1	(1/s)	499.700	23	1.592	0.023	1	1.653	-2.700E+00
R1	(1/s)	499.700	24	1.579	0.023	1	1.668	-3.810E+00
R1	(1/s)	499.700	25	1.535	0.027	1	1.529	2.040E-01
R1	(1/s)	499.700	26	1.573	0.021	1	1.670	-4.590E+00
R1	(1/s)	499.700	27	1.481	0.037	1	1.633	-4.090E+00
R1	(1/s)	499.700	28	1.550	0.014	1	1.564	-9.960E-01
R1	(1/s)	499.700	29	1.592	0.016	1	1.550	2.690E+00
R1	(1/s)	499.700	30	1.601	0.015	1	1.680	-5.310E+00
R1	(1/s)	499.700	33	1.521	0.016	1	1.517	2.760E-01
R1	(1/s)	499.700	34	1.488	0.014	1	1.518	-2.050E+00
R1	(1/s)	499.700	35	1.563	0.025	1	1.542	8.630E-01
R1	(1/s)	499.700	36	1.548	0.022	1	1.563	-6.830E-01
R1	(1/s)	499.700	37	1.487	0.033	1	1.515	-8.420E-01
R1	(1/s)	499.700	38	1.510	0.028	1	1.496	5.020E-01
R1	(1/s)	499.700	39	1.601	0.019	1	1.575	1.380E+00
R1	(1/s)	499.700	41	1.538	0.019	1	1.658	-6.320E+00
R1	(1/s)	499.700	42	1.577	0.023	1	1.591	-6.100E-01
R1	(1/s)	499.700	43	1.567	0.020	1	1.653	-4.330E+00
R1	(1/s)	499.700	44	1.523	0.033	1	1.586	-1.910E+00
R1	(1/s)	499.700	45	1.531	0.027	1	1.549	-6.320E-01
R1	(1/s)	499.700	46	1.603	0.043	1	1.604	-2.220E-02
R1	(1/s)	499.700	47	1.554	0.035	1	1.610	-1.630E+00
R1	(1/s)	499.700	49	1.500	0.111	1	1.573	-6.590E-01
R1	(1/s)	499.700	50	1.572	0.097	1	1.612	-4.160E-01
R1	(1/s)	499.700	51	1.613	0.066	1	1.611	3.790E-02
R1	(1/s)	499.700	52	1.401	0.044	1	1.474	-1.680E+00
R1	(1/s)	499.700	55	1.542	0.074	1	1.613	-9.660E-01
R1	(1/s)	499.700	58	1.542	0.015	1	1.674	-8.910E+00
R1	(1/s)	499.700	59	1.431	0.017	1	1.480	-2.890E+00
R1	(1/s)	499.700	61	1.362	0.012	1	1.432	-5.790E+00
R1	(1/s)	499.700	65	1.470	0.017	1	1.488	-1.070E+00
R1	(1/s)	499.700	66	1.573	0.053	1	1.644	-1.360E+00
R1	(1/s)	499.700	67	1.575	0.038	1	1.657	-2.140E+00
R1	(1/s)	499.700	68	1.540	0.027	1	1.552	-4.720E-01
R1	(1/s)	499.700	69	1.630	0.028	1	1.683	-1.890E+00
R1	(1/s)	499.700	70	1.684	0.045	1	1.680	9.370E-02
R1	(1/s)	499.700	71	1.580	0.025	1	1.638	-2.350E+00
R1	(1/s)	499.700	72	1.638	0.023	1	1.675	-1.590E+00
R1	(1/s)	499.700	74	1.572	0.054	1	1.659	-1.600E+00
R1	(1/s)	499.700	75	1.579	0.025	1	1.679	-3.990E+00
R1	(1/s)	499.700	77	1.633	0.048	1	1.671	-7.970E-01
R1	(1/s)	499.700	78	1.600	0.018	1	1.669	-3.800E+00
R1	(1/s)	499.700	79	1.630	0.031	1	1.679	-1.610E+00
R1	(1/s)	499.700	81	1.383	0.026	1	1.408	-9.810E-01
R1	(1/s)	499.700	82	1.541	0.023	1	1.624	-3.560E+00
R1	(1/s)	499.700	83	1.657	0.028	1	1.670	-4.750E-01
R1	(1/s)	499.700	84	1.527	0.045	1	1.581	-1.220E+00
R1	(1/s)	499.700	86	1.545	0.020	1	1.625	-4.030E+00
R1	(1/s)	499.700	87	1.545	0.017	1	1.596	-3.030E+00
R1	(1/s)	499.700	88	1.458	0.025	1	1.480	-8.770E-01
R1	(1/s)	499.700	89	1.437	0.016	1	1.456	-1.140E+00
R1	(1/s)	499.700	90	1.586	0.025	1	1.662	-3.070E+00
R1	(1/s)	499.700	91	1.446	0.020	1	1.587	-6.930E+00
R1	(1/s)	499.700	92	1.509	0.021	1	1.526	-7.710E-01
R1	(1/s)	499.700	93	1.484	0.048	1	1.507	-4.790E-01
R1	(1/s)	499.700	94	1.482	0.012	1	1.508	-2.200E+00
R1	(1/s)	499.700	95	1.522	0.014	1	1.613	-6.480E+00
R1	(1/s)	499.700	96	1.474	0.017	1	1.485	-6.900E-01
R1	(1/s)	499.700	98	1.456	0.016	1	1.486	-1.820E+00
R1	(1/s)	499.700	99	1.576	0.025	1	1.621	-1.820E+00
R1	(1/s)	499.700	100	1.498	0.021	1	1.593	-4.430E+00
R1	(1/s)	499.700	101	1.475	0.011	1	1.535	-5.620E+00
R1	(1/s)	499.700	102	1.591	0.019	1	1.598	-3.880E-01
R1	(1/s)	499.700	103	1.443	0.022	1	1.463	-8.860E-01
R1	(1/s)	499.700	104	1.372	0.064	1	1.269	1.600E+00
R1	(1/s)	499.700	105	1.485	0.046	1	1.592	-2.320E+00
R1	(1/s)	499.700	106	1.462	0.029	1	1.600	-4.820E+00
R1	(1/s)	499.700	107	1.443	0.084	1	1.562	-1.420E+00
R1	(1/s)	499.700	109	1.559	0.040	1	1.603	-1.100E+00
R1	(1/s)	499.700	110	1.493	0.025	1	1.514	-8.340E-01
R1	(1/s)	499.700	111	1.474	0.023	1	1.550	-3.280E+00
R1	(1/s)	499.700	112	1.483	0.009	1	1.486	-2.640E-01
R1	(1/s)	499.700	114	1.493	0.021	1	1.542	-2.300E+00
R1	(1/s)	499.700	115	1.431	0.030	1	1.438	-2.180E-01
R1	(1/s)	499.700	116	1.352	0.024	1	1.387	-1.490E+00
R1	(1/s)	499.700	117	1.547	0.027	1	1.528	7.080E-01
R1	(1/s)	499.700	118	1.422	0.025	1	1.430	-2.890E-01
R1	(1/s)	499.700	119	1.544	0.033	1	1.581	-1.120E+00
R1	(1/s)	499.700	120	1.456	0.020	1	1.484	-1.390E+00
R1	(1/s)	499.700	121	1.492	0.019	1	1.495	-1.480E-01
R1	(1/s)	499.700	122	1.411	0.017	1	1.437	-1.530E+00
R1	(1/s)	499.700	123	1.468	0.031	1	1.044	1.350E+01
R1	(1/s)	499.700	125	1.591	0.028	1	1.704	-4.040E+00
R1	(1/s)	499.700	126	1.582	0.035	1	1.249	9.460E+00
R1	(1/s)	499.700	127	1.572	0.030	1	1.679	-3.620E+00
R1	(1/s)	499.700	129	1.563	0.024	1	1.668	-4.380E+00
R1	(1/s)	499.700	130	1.532	0.022	1	1.557	-1.100E+00
R1	(1/s)	499.700	131	1.558	0.043	1	1.592	-7.710E-01
R1	(1/s)	499.700	132	1.546	0.015	1	1.549	-2.000E-01
R1	(1/s)	499.700	133	1.607	0.043	1	1.660	-1.250E+00
R1	(1/s)	499.700	135	1.530	0.030	1	1.608	-2.600E+00
R1	(1/s)	499.700	136	1.557	0.026	1	1.648	-3.530E+00
R1	(1/s)	499.700	139	1.559	0.033	1	1.610	-1.580E+00
R1	(1/s)	499.700	141	1.556	0.041	1	1.652	-2.340E+00
R1	(1/s)	499.700	142	1.383	0.025	1	1.417	-1.320E+00
R1	(1/s)	499.700	143	1.428	0.017	1	1.448	-1.180E+00
R1	(1/s)	499.700	145	1.437	0.014	1	1.445	-5.350E-01
R1	(1/s)	499.700	146	1.513	0.026	1	1.563	-1.920E+00
R1	(1/s)	499.700	147	1.410	0.030	1	1.446	-1.220E+00
R1	(1/s)	499.700	148	1.497	0.019	1	1.494	1.660E-01
R1	(1/s)	499.700	149	1.366	0.012	1	1.360	4.940E-01
R1	(1/s)	499.700	150	1.437	0.024	1	1.433	1.440E-01
R1	(1/s)	499.700	151	1.517	0.020	1	1.547	-1.500E+00
R1	(1/s)	499.700	152	1.516	0.026	1	1.648	-5.130E+00
R1	(1/s)	499.700	153	1.468	0.012	1	1.660	-1.610E+01
R1	(1/s)	499.700	154	1.496	0.019	1	1.701	-1.100E+01
R1	(1/s)	499.700	155	1.122	0.015	1	1.489	-2.370E+01
R2	(1/s)	499.700	2	6.213	0.265	1	7.355	-4.310E+00
R2	(1/s)	499.700	5	11.337	0.202	1	11.192	7.180E-01
R2	(1/s)	499.700	6	11.372	0.345	1	11.716	-9.960E-01
R2	(1/s)	499.700	8	11.192	0.127	1	11.910	-5.650E+00
R2	(1/s)	499.700	9	11.180	0.170	1	11.860	-3.990E+00
R2	(1/s)	499.700	10	11.901	0.240	1	11.892	3.530E-02
R2	(1/s)	499.700	11	10.996	0.311	1	11.250	-8.150E-01
R2	(1/s)	499.700	13	8.838	0.223	1	10.064	-5.500E+00
R2	(1/s)	499.700	14	9.766	0.135	1	10.934	-8.630E+00
R2	(1/s)	499.700	15	5.626	0.102	1	7.202	-1.550E+01
R2	(1/s)	499.700	18	11.067	0.162	1	11.315	-1.530E+00
R2	(1/s)	499.700	20	10.851	0.191	1	11.837	-5.170E+00
R2	(1/s)	499.700	21	11.111	0.219	1	11.866	-3.440E+00
R2	(1/s)	499.700	22	11.802	0.307	1	12.009	-6.730E-01
R2	(1/s)	499.700	23	11.537	0.254	1	12.066	-2.080E+00
R2	(1/s)	499.700	24	11.113	0.176	1	11.954	-4.770E+00
R2	(1/s)	499.700	25	11.273	0.195	1	11.176	4.940E-01
R2	(1/s)	499.700	26	11.255	0.162	1	11.940	-4.240E+00
R2	(1/s)	499.700	27	11.953	0.359	1	12.222	-7.490E-01
R2	(1/s)	499.700	28	10.758	0.294	1	10.930	-5.860E-01
R2	(1/s)	499.700	29	10.225	0.160	1	11.014	-4.940E+00
R2	(1/s)	499.700	30	9.745	0.195	1	10.824	-5.530E+00
R2	(1/s)	499.700	33	10.515	0.404	1	10.669	-3.820E-01
R2	(1/s)	499.700	34	11.143	0.221	1	10.937	9.300E-01
R2	(1/s)	499.700	35	11.118	0.234	1	10.810	1.310E+00
R2	(1/s)	499.700	36	11.082	0.208	1	11.021	2.950E-01
R2	(1/s)	499.700	37	11.151	0.179	1	10.947	1.140E+00
R2	(1/s)	499.700	38	10.177	0.198	1	10.685	-2.570E+00
R2	(1/s)	499.700	39	11.171	0.139	1	11.066	7.580E-01
R2	(1/s)	499.700	41	11.316	0.109	1	12.033	-6.590E+00
R2	(1/s)	499.700	42	11.169	0.318	1	11.165	1.150E-02
R2	(1/s)	499.700	43	11.519	0.193	1	12.071	-2.860E+00
R2	(1/s)	499.700	44	11.959	0.166	1	12.595	-3.830E+00
R2	(1/s)	499.700	45	12.264	0.306	1	12.912	-2.120E+00
R2	(1/s)	499.700	46	12.366	0.214	1	12.451	-3.950E-01
R2	(1/s)	499.700	47	12.743	0.330	1	12.400	1.040E+00
R2	(1/s)	499.700	49	12.733	1.293	1	12.707	2.050E-02
R2	(1/s)	499.700	50	12.043	0.822	1	12.386	-4.170E-01
R2	(1/s)	499.700	51	11.952	0.748	1	12.398	-5.950E-01
R2	(1/s)	499.700	52	12.571	0.342	1	12.078	1.450E+00
R2	(1/s)	499.700	55	12.616	0.630	1	12.379	3.770E-01
R2	(1/s)	499.700	58	11.587	0.203	1	11.910	-1.590E+00
R2	(1/s)	499.700	59	12.341	0.190	1	11.900	2.320E+00
R2	(1/s)	499.700	61	8.992	0.088	1	9.439	-5.090E+00
R2	(1/s)	499.700	65	11.912	0.245	1	11.435	1.940E+00
R2	(1/s)	499.700	66	11.070	0.331	1	11.581	-1.540E+00
R2	(1/s)	499.700	67	11.750	0.390	1	12.036	-7.330E-01
R2	(1/s)	499.700	68	11.635	0.339	1	11.414	6.520E-01
R2	(1/s)	499.700	69	11.840	0.192	1	11.842	-9.230E-03
R2	(1/s)	499.700	70	11.211	0.344	1	11.867	-1.900E+00
R2	(1/s)	499.700	71	11.049	0.409	1	11.445	-9.680E-01
R2	(1/s)	499.700	72	11.615	0.360	1	11.903	-8.010E-01
R2	(1/s)	499.700	74	11.845	0.333	1	12.024	-5.380E-01
R2	(1/s)	499.700	75	11.896	0.255	1	11.872	9.580E-02
R2	(1/s)	499.700	77	11.741	0.591	1	11.932	-3.240E-01
R2	(1/s)	499.700	78	12.355	0.282	1	11.946	1.450E+00
R2	(1/s)	499.700	79	12.311	0.250	1	11.871	1.760E+00
R2	(1/s)	499.700	81	10.553	0.249	1	10.724	-6.880E-01
R2	(1/s)	499.700	82	12.442	0.271	1	12.294	5.460E-01
R2	(1/s)	499.700	83	11.752	0.191	1	11.942	-9.950E-01
R2	(1/s)	499.700	84	10.774	0.330	1	10.937	-4.930E-01
R2	(1/s)	499.700	86	12.187	0.192	1	12.281	-4.920E-01
R2	(1/s)	499.700	87	11.056	0.135	1	11.128	-5.360E-01
R2	(1/s)	499.700	88	11.030	0.159	1	11.134	-6.550E-01
R2	(1/s)	499.700	89	10.850	0.105	1	11.408	-5.340E+00
R2	(1/s)	499.700	90	13.851	0.187	1	11.998	9.930E+00
R2	(1/s)	499.700	91	11.863	0.217	1	11.247	2.840E+00
R2	(1/s)	499.700	92	10.385	0.102	1	10.740	-3.470E+00
R2	(1/s)	499.700	93	10.438	0.205	1	10.532	-4.570E-01
R2	(1/s)	499.700	94	10.562	0.189	1	11.006	-2.340E+00
R2	(1/s)	499.700	95	10.946	0.120	1	11.300	-2.950E+00
R2	(1/s)	499.700	96	9.015	0.110	1	9.795	-7.090E+00
R2	(1/s)	499.700	98	10.068	0.211	1	10.426	-1.690E+00
R2	(1/s)	499.700	99	10.951	0.127	1	11.266	-2.470E+00
R2	(1/s)	499.700	100	12.401	0.310	1	12.540	-4.490E-01
R2	(1/s)	499.700	101	12.663	0.137	1	13.030	-2.680E+00
R2	(1/s)	499.700	102	12.390	0.185	1	12.497	-5.770E-01
R2	(1/s)	499.700	103	12.047	0.192	1	11.636	2.140E+00
R2	(1/s)	499.700	104	6.830	0.850	1	10.164	-3.920E+00
R2	(1/s)	499.700	105	12.041	0.192	1	12.550	-2.640E+00
R2	(1/s)	499.700	106	11.962	0.305	1	12.486	-1.720E+00
R2	(1/s)	499.700	107	12.345	0.658	1	12.795	-6.820E-01
R2	(1/s)	499.700	109	12.639	0.300	1	12.460	6.000E-01
R2	(1/s)	499.700	110	11.584	0.329	1	11.725	-4.300E-01
R2	(1/s)	499.700	111	12.287	0.353	1	12.897	-1.730E+00
R2	(1/s)	499.700	112	11.419	0.276	1	11.283	4.940E-01
R2	(1/s)	499.700	114	11.715	0.217	1	12.969	-5.770E+00
R2	(1/s)	499.700	115	11.252	0.169	1	11.632	-2.250E+00
R2	(1/s)	499.700	116	10.877	0.249	1	10.693	7.390E-01
R2	(1/s)	499.700	117	11.156	0.160	1	11.329	-1.090E+00
R2	(1/s)	499.700	118	9.651	0.892	1	10.027	-4.220E-01
R2	(1/s)	499.700	119	10.873	0.254	1	11.091	-8.590E-01
R2	(1/s)	499.700	120	10.415	0.196	1	10.280	6.890E-01
R2	(1/s)	499.700	121	10.240	0.367	1	10.397	-4.280E-01
R2	(1/s)	499.700	122	9.347	0.613	1	11.281	-3.160E+00
R2	(1/s)	499.700	123	6.920	0.101	1	7.692	-7.670E+00
R2	(1/s)	499.700	125	8.499	0.306	1	9.855	-4.440E+00
R2	(1/s)	499.700	126	8.373	0.193	1	8.577	-1.060E+00
R2	(1/s)	499.700	127	9.799	0.140	1	10.322	-3.740E+00
R2	(1/s)	499.700	129	11.320	0.202	1	11.957	-3.150E+00
R2	(1/s)	499.700	130	11.402	0.240	1	11.381	8.670E-02
R2	(1/s)	499.700	131	11.795	0.310	1	12.553	-2.440E+00
R2	(1/s)	499.700	132	11.268	0.222	1	11.564	-1.340E+00
R2	(1/s)	499.700	133	12.096	0.434	1	12.015	1.850E-01
R2	(1/s)	499.700	135	12.238	0.309	1	12.421	-5.950E-01
R2	(1/s)	499.700	136	11.817	0.236	1	12.105	-1.220E+00
R2	(1/s)	499.700	139	11.959	0.232	1	12.402	-1.910E+00
R2	(1/s)	499.700	141	12.007	0.263	1	12.073	-2.530E-01
R2	(1/s)	499.700	142	11.643	0.376	1	11.534	2.900E-01
R2	(1/s)	499.700	143	10.520	0.403	1	10.176	8.540E-01
R2	(1/s)	499.700	145	10.293	0.234	1	10.286	3.140E-02
R2	(1/s)	499.700	146	10.435	0.241	1	10.929	-2.050E+00
R2	(1/s)	499.700	147	10.259	0.118	1	10.488	-1.940E+00
R2	(1/s)	499.700	148	10.924	0.233	1	10.995	-3.030E-01
R2	(1/s)	499.700	149	10.911	0.242	1	11.313	-1.660E+00
R2	(1/s)	499.700	150	11.089	0.249	1	12.031	-3.780E+00
R2	(1/s)	499.700	151	11.251	0.136	1	11.582	-2.430E+00
R2	(1/s)	499.700	152	8.197	0.118	1	10.141	-1.640E+01
R2	(1/s)	499.700	153	6.608	0.115	1	8.178	-1.370E+01
R2	(1/s)	499.700	154	5.138	0.097	1	6.408	-1.310E+01
R2	(1/s)	499.700	155	2.496	0.289	1	5.328	-9.790E+00
NOE	()	499.700	2	0.042	0.019	1	0.098	-2.980E+00
NOE	()	499.700	5	0.752	0.026	1	0.778	-1.000E+00
NOE	()	499.700	6	0.826	0.034	1	0.800	7.650E-01
NOE	()	499.700	8	0.815	0.026	1	0.808	3.010E-01
NOE	()	499.700	9	0.792	0.025	1	0.807	-6.000E-01
NOE	()	499.700	10	0.789	0.035	1	0.807	-5.230E-01
NOE	()	499.700	11	0.714	0.025	1	0.724	-4.150E-01
NOE	()	499.700	13	0.631	0.018	1	0.621	5.710E-01
NOE	()	499.700	14	0.734	0.015	1	0.704	2.000E+00
NOE	()	499.700	15	0.228	0.011	1	0.229	-1.540E-01
NOE	()	499.700	18	0.794	0.013	1	0.793	1.320E-01
NOE	()	499.700	20	0.801	0.013	1	0.807	-5.130E-01
NOE	()	499.700	21	0.796	0.015	1	0.807	-7.450E-01
NOE	()	499.700	22	0.821	0.022	1	0.808	5.730E-01
NOE	()	499.700	23	0.805	0.022	1	0.808	-1.260E-01
NOE	()	499.700	24	0.782	0.017	1	0.808	-1.470E+00
NOE	()	499.700	25	0.785	0.032	1	0.806	-6.650E-01
NOE	()	499.700	26	0.831	0.018	1	0.808	1.310E+00
NOE	()	499.700	27	0.800	0.023	1	0.809	-3.730E-01
NOE	()	499.700	28	0.761	0.016	1	0.771	-6.280E-01
NOE	()	499.700	29	0.696	0.013	1	0.682	1.050E+00
NOE	()	499.700	30	0.666	0.012	1	0.625	3.400E+00
NOE	()	499.700	33	0.781	0.019	1	0.787	-3.160E-01
NOE	()	499.700	34	0.757	0.014	1	0.769	-8.850E-01
NOE	()	499.700	35	0.791	0.017	1	0.786	2.830E-01
NOE	()	499.700	36	0.780	0.015	1	0.787	-4.860E-01
NOE	()	499.700	37	0.788	0.020	1	0.797	-4.920E-01
NOE	()	499.700	38	0.779	0.025	1	0.799	-7.900E-01
NOE	()	499.700	39	0.820	0.016	1	0.807	8.320E-01
NOE	()	499.700	41	0.773	0.013	1	0.808	-2.660E+00
NOE	()	499.700	42	0.774	0.014	1	0.789	-1.060E+00
NOE	()	499.700	43	0.798	0.017	1	0.808	-6.250E-01
NOE	()	499.700	44	0.767	0.025	1	0.810	-1.700E+00
NOE	()	499.700	45	0.809	0.042	1	0.811	-4.300E-02
NOE	()	499.700	46	0.799	0.033	1	0.809	-3.330E-01
NOE	()	499.700	47	0.824	0.034	1	0.809	4.210E-01
NOE	()	499.700	49	0.865	0.110	1	0.810	4.980E-01
NOE	()	499.700	50	0.833	0.091	1	0.809	2.560E-01
NOE	()	499.700	51	0.795	0.071	1	0.809	-2.040E-01
NOE	()	499.700	52	0.791	0.043	1	0.811	-4.560E-01
NOE	()	499.700	55	0.866	0.074	1	0.809	7.710E-01
NOE	()	499.700	58	0.802	0.013	1	0.808	-3.950E-01
NOE	()	499.700	59	0.785	0.026	1	0.810	-9.430E-01
NOE	()	499.700	61	0.492	0.010	1	0.496	-3.850E-01
NOE	()	499.700	65	0.777	0.016	1	0.798	-1.290E+00
NOE	()	499.700	66	0.707	0.050	1	0.710	-5.840E-02
NOE	()	499.700	67	0.791	0.023	1	0.808	-7.530E-01
NOE	()	499.700	68	0.762	0.023	1	0.774	-5.280E-01
NOE	()	499.700	69	0.813	0.022	1	0.807	2.600E-01
NOE	()	499.700	70	0.755	0.033	1	0.807	-1.590E+00
NOE	()	499.700	71	0.704	0.034	1	0.667	1.090E+00
NOE	()	499.700	72	0.740	0.026	1	0.808	-2.590E+00
NOE	()	499.700	74	0.818	0.059	1	0.808	1.720E-01
NOE	()	499.700	75	0.831	0.025	1	0.807	9.580E-01
NOE	()	499.700	77	0.788	0.032	1	0.808	-6.240E-01
NOE	()	499.700	78	0.779	0.022	1	0.808	-1.280E+00
NOE	()	499.700	79	0.775	0.037	1	0.807	-8.910E-01
NOE	()	499.700	81	0.602	0.038	1	0.618	-4.310E-01
NOE	()	499.700	82	0.782	0.027	1	0.809	-9.870E-01
NOE	()	499.700	83	0.736	0.021	1	0.808	-3.450E+00
NOE	()	499.700	84	0.639	0.031	1	0.681	-1.340E+00
NOE	()	499.700	86	0.792	0.020	1	0.809	-8.760E-01
NOE	()	499.700	87	0.751	0.016	1	0.763	-7.470E-01
NOE	()	499.700	88	0.743	0.026	1	0.746	-1.150E-01
NOE	()	499.700	89	0.725	0.011	1	0.707	1.630E+00
NOE	()	499.700	90	0.779	0.022	1	0.808	-1.330E+00
NOE	()	499.700	91	0.721	0.013	1	0.757	-2.780E+00
NOE	()	499.700	92	0.661	0.011	1	0.659	1.440E-01
NOE	()	499.700	93	0.620	0.019	1	0.633	-7.180E-01
NOE	()	499.700	94	0.598	0.012	1	0.606	-6.400E-01
NOE	()	499.700	95	0.645	0.011	1	0.612	3.000E+00
NOE	()	499.700	96	0.524	0.010	1	0.502	2.270E+00
NOE	()	499.700	98	0.587	0.015	1	0.602	-1.040E+00
NOE	()	499.700	99	0.663	0.021	1	0.695	-1.530E+00
NOE	()	499.700	100	0.700	0.018	1	0.810	-6.020E+00
NOE	()	499.700	101	0.813	0.014	1	0.811	1.340E-01
NOE	()	499.700	102	0.797	0.019	1	0.810	-6.730E-01
NOE	()	499.700	103	0.831	0.015	1	0.810	1.420E+00
NOE	()	499.700	104	0.661	0.060	1	0.621	6.710E-01
NOE	()	499.700	105	0.860	0.035	1	0.810	1.420E+00
NOE	()	499.700	106	0.816	0.018	1	0.810	3.640E-01
NOE	()	499.700	107	0.769	0.074	1	0.811	-5.690E-01
NOE	()	499.700	109	0.787	0.024	1	0.810	-9.630E-01
NOE	()	499.700	110	0.835	0.015	1	0.809	1.680E+00
NOE	()	499.700	111	0.794	0.028	1	0.811	-5.920E-01
NOE	()	499.700	112	0.786	0.017	1	0.798	-7.250E-01
NOE	()	499.700	114	0.768	0.026	1	0.811	-1.690E+00
NOE	()	499.700	115	0.763	0.024	1	0.753	4.410E-01
NOE	()	499.700	116	0.756	0.013	1	0.772	-1.140E+00
NOE	()	499.700	117	0.827	0.022	1	0.808	8.600E-01
NOE	()	499.700	118	0.676	0.021	1	0.700	-1.140E+00
NOE	()	499.700	119	0.796	0.029	1	0.801	-1.770E-01
NOE	()	499.700	120	0.715	0.019	1	0.738	-1.230E+00
NOE	()	499.700	121	0.743	0.028	1	0.735	2.800E-01
NOE	()	499.700	122	0.599	0.014	1	0.609	-7.330E-01
NOE	()	499.700	123	0.234	0.010	1	0.254	-1.960E+00
NOE	()	499.700	125	0.549	0.016	1	0.480	4.340E+00
NOE	()	499.700	126	0.502	0.014	1	0.514	-9.030E-01
NOE	()	499.700	127	0.641	0.029	1	0.534	3.690E+00
NOE	()	499.700	129	0.748	0.022	1	0.808	-2.700E+00
NOE	()	499.700	130	0.764	0.033	1	0.789	-7.700E-01
NOE	()	499.700	131	0.816	0.039	1	0.810	1.690E-01
NOE	()	499.700	132	0.746	0.020	1	0.754	-4.420E-01
NOE	()	499.700	133	0.859	0.046	1	0.808	1.110E+00
NOE	()	499.700	135	0.821	0.026	1	0.809	4.370E-01
NOE	()	499.700	136	0.759	0.031	1	0.808	-1.600E+00
NOE	()	499.700	139	0.808	0.033	1	0.809	-4.540E-02
NOE	()	499.700	141	0.788	0.030	1	0.808	-6.580E-01
NOE	()	499.700	142	0.804	0.024	1	0.808	-1.430E-01
NOE	()	499.700	143	0.746	0.022	1	0.779	-1.460E+00
NOE	()	499.700	145	0.761	0.021	1	0.752	4.510E-01
NOE	()	499.700	146	0.825	0.028	1	0.785	1.450E+00
NOE	()	499.700	147	0.728	0.013	1	0.756	-2.190E+00
NOE	()	499.700	148	0.776	0.015	1	0.776	-4.120E-02
NOE	()	499.700	149	0.672	0.015	1	0.710	-2.580E+00
NOE	()	499.700	150	0.748	0.017	1	0.716	1.830E+00
NOE	()	499.700	151	0.784	0.013	1	0.760	1.900E+00
NOE	()	499.700	152	0.545	0.010	1	0.456	8.910E+00
NOE	()	499.700	153	0.189	0.005	1	0.126	1.290E+01
NOE	()	499.700	154	-0.087	0.005	1	-0.110	4.970E+00
NOE	()	499.700	155	-0.624	0.006	1	-0.772	2.610E+01
NxyNz	()	499.700	2	3.895	0.755	1	6.845	-3.910E+00
NxyNz	()	499.700	5	7.624	0.209	1	7.382	1.160E+00
NxyNz	()	499.700	6	7.030	0.186	1	7.896	-4.660E+00
NxyNz	()	499.700	8	7.528	0.631	1	7.271	4.070E-01
NxyNz	()	499.700	9	6.865	0.359	1	7.211	-9.630E-01
NxyNz	()	499.700	10	6.837	0.425	1	7.249	-9.710E-01
NxyNz	()	499.700	11	6.747	0.682	1	7.200	-6.650E-01
NxyNz	()	499.700	13	5.608	0.218	1	7.075	-6.740E+00
NxyNz	()	499.700	14	6.414	0.325	1	7.143	-2.240E+00
NxyNz	()	499.700	15	4.988	0.090	1	7.142	-2.380E+01
NxyNz	()	499.700	18	7.648	0.157	1	7.507	8.940E-01
NxyNz	()	499.700	20	7.229	0.339	1	7.183	1.330E-01
NxyNz	()	499.700	21	7.645	0.237	1	7.218	1.800E+00
NxyNz	()	499.700	22	7.146	0.774	1	7.389	-3.150E-01
NxyNz	()	499.700	23	8.013	0.286	1	7.458	1.940E+00
NxyNz	()	499.700	24	7.470	0.377	1	7.324	3.880E-01
NxyNz	()	499.700	25	7.987	0.583	1	7.470	8.870E-01
NxyNz	()	499.700	26	7.326	0.337	1	7.307	5.550E-02
NxyNz	()	499.700	27	8.019	0.245	1	7.649	1.510E+00
NxyNz	()	499.700	28	7.205	0.233	1	7.175	1.290E-01
NxyNz	()	499.700	29	7.068	0.266	1	7.377	-1.160E+00
NxyNz	()	499.700	30	6.648	0.190	1	6.723	-3.920E-01
NxyNz	()	499.700	33	7.060	0.278	1	7.208	-5.330E-01
NxyNz	()	499.700	34	7.442	0.151	1	7.402	2.680E-01
NxyNz	()	499.700	35	6.997	0.266	1	7.185	-7.080E-01
NxyNz	()	499.700	36	7.311	0.181	1	7.224	4.770E-01
NxyNz	()	499.700	37	6.989	0.297	1	7.394	-1.360E+00
NxyNz	()	499.700	38	7.752	0.159	1	7.306	2.810E+00
NxyNz	()	499.700	39	7.054	0.185	1	7.180	-6.810E-01
NxyNz	()	499.700	41	7.532	0.177	1	7.419	6.380E-01
NxyNz	()	499.700	42	7.610	0.450	1	7.188	9.380E-01
NxyNz	()	499.700	43	7.645	0.224	1	7.465	8.040E-01
NxyNz	()	499.700	44	8.377	0.350	1	8.114	7.520E-01
NxyNz	()	499.700	45	7.655	1.403	1	8.521	-6.170E-01
NxyNz	()	499.700	46	8.244	0.399	1	7.933	7.780E-01
NxyNz	()	499.700	47	7.905	0.363	1	7.869	9.890E-02
NxyNz	()	499.700	49	9.068	1.436	1	8.256	5.660E-01
NxyNz	()	499.700	50	8.316	1.673	1	7.851	2.780E-01
NxyNz	()	499.700	51	8.898	0.774	1	7.866	1.330E+00
NxyNz	()	499.700	52	9.209	0.805	1	8.373	1.040E+00
NxyNz	()	499.700	55	8.894	0.936	1	7.843	1.120E+00
NxyNz	()	499.700	58	7.168	0.225	1	7.271	-4.560E-01
NxyNz	()	499.700	59	8.090	0.248	1	8.218	-5.190E-01
NxyNz	()	499.700	61	6.428	0.083	1	7.006	-6.980E+00
NxyNz	()	499.700	65	7.928	0.291	1	7.866	2.120E-01
NxyNz	()	499.700	66	7.528	0.758	1	7.280	3.270E-01
NxyNz	()	499.700	67	7.712	0.504	1	7.422	5.760E-01
NxyNz	()	499.700	68	7.299	0.502	1	7.548	-4.960E-01
NxyNz	()	499.700	69	7.376	0.263	1	7.190	7.090E-01
NxyNz	()	499.700	70	6.531	1.120	1	7.220	-6.140E-01
NxyNz	()	499.700	71	6.672	0.160	1	7.257	-3.670E+00
NxyNz	()	499.700	72	6.999	0.294	1	7.262	-8.950E-01
NxyNz	()	499.700	74	7.785	0.536	1	7.408	7.020E-01
NxyNz	()	499.700	75	7.846	0.342	1	7.225	1.810E+00
NxyNz	()	499.700	77	8.256	0.702	1	7.298	1.360E+00
NxyNz	()	499.700	78	7.264	0.539	1	7.314	-9.250E-02
NxyNz	()	499.700	79	6.127	0.697	1	7.224	-1.570E+00
NxyNz	()	499.700	81	7.142	0.273	1	7.978	-3.060E+00
NxyNz	()	499.700	82	7.528	0.424	1	7.737	-4.940E-01
NxyNz	()	499.700	83	7.146	0.197	1	7.310	-8.340E-01
NxyNz	()	499.700	84	6.748	0.459	1	7.182	-9.460E-01
NxyNz	()	499.700	86	7.530	0.478	1	7.722	-4.010E-01
NxyNz	()	499.700	87	7.137	0.352	1	7.164	-7.780E-02
NxyNz	()	499.700	88	7.677	0.239	1	7.751	-3.080E-01
NxyNz	()	499.700	89	7.866	0.196	1	8.114	-1.270E+00
NxyNz	()	499.700	90	7.226	0.376	1	7.376	-4.010E-01
NxyNz	()	499.700	91	7.556	0.284	1	7.291	9.310E-01
NxyNz	()	499.700	92	6.875	0.182	1	7.330	-2.490E+00
NxyNz	()	499.700	93	4.258	0.946	1	7.303	-3.220E+00
NxyNz	()	499.700	94	7.055	0.281	1	7.653	-2.120E+00
NxyNz	()	499.700	95	6.953	0.087	1	7.329	-4.310E+00
NxyNz	()	499.700	96	6.275	0.112	1	7.004	-6.510E+00
NxyNz	()	499.700	98	6.937	0.063	1	7.361	-6.780E+00
NxyNz	()	499.700	99	7.051	0.276	1	7.200	-5.410E-01
NxyNz	()	499.700	100	8.277	0.245	1	8.045	9.440E-01
NxyNz	()	499.700	101	8.597	0.181	1	8.675	-4.320E-01
NxyNz	()	499.700	102	7.983	0.141	1	7.990	-4.930E-02
NxyNz	()	499.700	103	8.421	0.354	1	8.129	8.240E-01
NxyNz	()	499.700	104	2.720	0.405	1	8.390	-1.400E+01
NxyNz	()	499.700	105	8.580	0.387	1	8.057	1.350E+00
NxyNz	()	499.700	106	8.396	0.269	1	7.977	1.560E+00
NxyNz	()	499.700	107	8.866	0.858	1	8.369	5.790E-01
NxyNz	()	499.700	109	8.593	0.379	1	7.944	1.710E+00
NxyNz	()	499.700	110	8.395	0.111	1	7.916	4.330E+00
NxyNz	()	499.700	111	8.476	0.364	1	8.502	-7.010E-02
NxyNz	()	499.700	112	7.281	0.225	1	7.771	-2.180E+00
NxyNz	()	499.700	114	7.654	0.348	1	8.595	-2.710E+00
NxyNz	()	499.700	115	7.717	0.140	1	8.329	-4.370E+00
NxyNz	()	499.700	116	7.914	0.184	1	7.917	-1.940E-02
NxyNz	()	499.700	117	7.437	0.337	1	7.576	-4.130E-01
NxyNz	()	499.700	118	6.084	0.374	1	7.267	-3.160E+00
NxyNz	()	499.700	119	7.322	0.370	1	7.173	4.040E-01
NxyNz	()	499.700	120	7.324	0.379	1	7.143	4.780E-01
NxyNz	()	499.700	121	6.753	0.145	1	7.172	-2.890E+00
NxyNz	()	499.700	122	6.828	0.493	1	8.232	-2.850E+00
NxyNz	()	499.700	123	4.572	0.169	1	8.108	-2.100E+01
NxyNz	()	499.700	125	5.343	0.378	1	6.132	-2.090E+00
NxyNz	()	499.700	126	5.086	0.176	1	7.289	-1.250E+01
NxyNz	()	499.700	127	6.587	0.219	1	6.483	4.780E-01
NxyNz	()	499.700	129	7.314	0.430	1	7.328	-3.240E-02
NxyNz	()	499.700	130	7.465	0.657	1	7.491	-3.840E-02
NxyNz	()	499.700	131	8.094	1.655	1	8.061	1.990E-02
NxyNz	()	499.700	132	7.061	0.242	1	7.683	-2.570E+00
NxyNz	()	499.700	133	7.040	0.745	1	7.398	-4.800E-01
NxyNz	()	499.700	135	7.835	0.396	1	7.896	-1.540E-01
NxyNz	()	499.700	136	7.211	0.146	1	7.506	-2.030E+00
NxyNz	()	499.700	139	7.462	0.242	1	7.871	-1.690E+00
NxyNz	()	499.700	141	7.675	0.301	1	7.468	6.880E-01
NxyNz	()	499.700	142	7.840	0.576	1	8.323	-8.400E-01
NxyNz	()	499.700	143	7.428	0.193	1	7.209	1.140E+00
NxyNz	()	499.700	145	6.933	0.248	1	7.329	-1.600E+00
NxyNz	()	499.700	146	6.465	0.308	1	7.166	-2.270E+00
NxyNz	()	499.700	147	7.605	0.082	1	7.462	1.750E+00
NxyNz	()	499.700	148	7.470	0.339	1	7.554	-2.480E-01
NxyNz	()	499.700	149	8.270	0.173	1	8.616	-2.010E+00
NxyNz	()	499.700	150	8.138	0.154	1	8.685	-3.560E+00
NxyNz	()	499.700	151	7.343	0.171	1	7.699	-2.070E+00
NxyNz	()	499.700	152	5.692	0.132	1	6.550	-6.520E+00
NxyNz	()	499.700	153	4.680	0.097	1	5.441	-7.870E+00
NxyNz	()	499.700	154	3.729	0.160	1	4.247	-3.230E+00
NxyNz	()	499.700	155	2.099	0.185	1	4.386	-1.240E+01
R1	(1/s)	600.800	2	1.072	0.025	1	0.981	3.670E+00
R1	(1/s)	600.800	5	1.160	0.032	1	1.209	-1.520E+00
R1	(1/s)	600.800	6	1.220	0.028	1	1.176	1.570E+00
R1	(1/s)	600.800	8	1.265	0.022	1	1.300	-1.610E+00
R1	(1/s)	600.800	9	1.311	0.024	1	1.305	2.460E-01
R1	(1/s)	600.800	10	1.256	0.020	1	1.302	-2.260E+00
R1	(1/s)	600.800	11	1.284	0.020	1	1.260	1.200E+00
R1	(1/s)	600.800	13	1.216	0.016	1	1.171	2.690E+00
R1	(1/s)	600.800	14	1.337	0.024	1	1.240	4.010E+00
R1	(1/s)	600.800	15	1.050	0.016	1	0.898	9.610E+00
R1	(1/s)	600.800	18	1.193	0.014	1	1.198	-4.150E-01
R1	(1/s)	600.800	20	1.271	0.012	1	1.308	-3.100E+00
R1	(1/s)	600.800	21	1.273	0.017	1	1.305	-1.860E+00
R1	(1/s)	600.800	22	1.325	0.021	1	1.289	1.750E+00
R1	(1/s)	600.800	23	1.258	0.025	1	1.282	-9.710E-01
R1	(1/s)	600.800	24	1.248	0.024	1	1.295	-1.950E+00
R1	(1/s)	600.800	25	1.209	0.027	1	1.186	8.440E-01
R1	(1/s)	600.800	26	1.236	0.023	1	1.296	-2.590E+00
R1	(1/s)	600.800	27	1.125	0.039	1	1.266	-3.560E+00
R1	(1/s)	600.800	28	1.226	0.014	1	1.218	5.700E-01
R1	(1/s)	600.800	29	1.259	0.015	1	1.213	3.140E+00
R1	(1/s)	600.800	30	1.299	0.013	1	1.338	-2.980E+00
R1	(1/s)	600.800	33	1.184	0.015	1	1.180	3.300E-01
R1	(1/s)	600.800	34	1.167	0.018	1	1.181	-7.350E-01
R1	(1/s)	600.800	35	1.218	0.019	1	1.199	9.860E-01
R1	(1/s)	600.800	36	1.229	0.011	1	1.216	1.270E+00
R1	(1/s)	600.800	37	1.176	0.029	1	1.176	-2.750E-02
R1	(1/s)	600.800	38	1.201	0.021	1	1.162	1.800E+00
R1	(1/s)	600.800	39	1.266	0.018	1	1.223	2.400E+00
R1	(1/s)	600.800	41	1.238	0.009	1	1.286	-5.560E+00
R1	(1/s)	600.800	42	1.245	0.014	1	1.237	5.420E-01
R1	(1/s)	600.800	43	1.234	0.023	1	1.282	-2.120E+00
R1	(1/s)	600.800	44	1.190	0.021	1	1.227	-1.750E+00
R1	(1/s)	600.800	45	1.210	0.038	1	1.196	3.510E-01
R1	(1/s)	600.800	46	1.233	0.015	1	1.242	-5.850E-01
R1	(1/s)	600.800	47	1.206	0.031	1	1.247	-1.320E+00
R1	(1/s)	600.800	49	1.192	0.033	1	1.216	-7.440E-01
R1	(1/s)	600.800	50	1.153	0.083	1	1.248	-1.150E+00
R1	(1/s)	600.800	51	1.173	0.089	1	1.247	-8.300E-01
R1	(1/s)	600.800	52	1.108	0.039	1	1.139	-8.110E-01
R1	(1/s)	600.800	55	1.229	0.054	1	1.249	-3.690E-01
R1	(1/s)	600.800	58	1.282	0.024	1	1.300	-7.620E-01
R1	(1/s)	600.800	59	1.117	0.020	1	1.144	-1.340E+00
R1	(1/s)	600.800	61	1.148	0.008	1	1.137	1.410E+00
R1	(1/s)	600.800	65	1.146	0.009	1	1.153	-7.580E-01
R1	(1/s)	600.800	66	1.245	0.043	1	1.296	-1.180E+00
R1	(1/s)	600.800	67	1.266	0.021	1	1.286	-9.050E-01
R1	(1/s)	600.800	68	1.228	0.026	1	1.206	8.250E-01
R1	(1/s)	600.800	69	1.318	0.024	1	1.307	4.350E-01
R1	(1/s)	600.800	70	1.363	0.029	1	1.304	2.000E+00
R1	(1/s)	600.800	71	1.281	0.026	1	1.314	-1.300E+00
R1	(1/s)	600.800	72	1.286	0.030	1	1.300	-4.920E-01
R1	(1/s)	600.800	74	1.230	0.032	1	1.287	-1.800E+00
R1	(1/s)	600.800	75	1.250	0.031	1	1.304	-1.720E+00
R1	(1/s)	600.800	77	1.286	0.012	1	1.297	-9.330E-01
R1	(1/s)	600.800	78	1.276	0.021	1	1.296	-9.060E-01
R1	(1/s)	600.800	79	1.295	0.016	1	1.304	-5.270E-01
R1	(1/s)	600.800	81	1.136	0.036	1	1.104	8.840E-01
R1	(1/s)	600.800	82	1.236	0.022	1	1.258	-9.910E-01
R1	(1/s)	600.800	83	1.350	0.020	1	1.296	2.650E+00
R1	(1/s)	600.800	84	1.232	0.013	1	1.238	-4.430E-01
R1	(1/s)	600.800	86	1.221	0.018	1	1.259	-2.070E+00
R1	(1/s)	600.800	87	1.237	0.031	1	1.244	-2.060E-01
R1	(1/s)	600.800	88	1.130	0.020	1	1.152	-1.090E+00
R1	(1/s)	600.800	89	1.160	0.013	1	1.135	1.900E+00
R1	(1/s)	600.800	90	1.284	0.021	1	1.290	-2.810E-01
R1	(1/s)	600.800	91	1.163	0.014	1	1.236	-5.060E+00
R1	(1/s)	600.800	92	1.218	0.009	1	1.196	2.410E+00
R1	(1/s)	600.800	93	1.184	0.035	1	1.183	9.860E-03
R1	(1/s)	600.800	94	1.219	0.014	1	1.184	2.460E+00
R1	(1/s)	600.800	95	1.274	0.012	1	1.274	1.570E-02
R1	(1/s)	600.800	96	1.232	0.011	1	1.178	5.210E+00
R1	(1/s)	600.800	98	1.201	0.012	1	1.169	2.720E+00
R1	(1/s)	600.800	99	1.269	0.022	1	1.268	5.790E-02
R1	(1/s)	600.800	100	1.153	0.019	1	1.233	-4.280E+00
R1	(1/s)	600.800	101	1.169	0.013	1	1.185	-1.230E+00
R1	(1/s)	600.800	102	1.282	0.017	1	1.237	2.660E+00
R1	(1/s)	600.800	103	1.131	0.019	1	1.131	-3.650E-02
R1	(1/s)	600.800	104	1.147	0.053	1	0.994	2.900E+00
R1	(1/s)	600.800	105	1.185	0.033	1	1.232	-1.430E+00
R1	(1/s)	600.800	106	1.190	0.018	1	1.238	-2.610E+00
R1	(1/s)	600.800	107	1.169	0.046	1	1.207	-8.480E-01
R1	(1/s)	600.800	109	1.208	0.020	1	1.241	-1.660E+00
R1	(1/s)	600.800	110	1.181	0.013	1	1.172	6.720E-01
R1	(1/s)	600.800	111	1.144	0.021	1	1.198	-2.570E+00
R1	(1/s)	600.800	112	1.142	0.015	1	1.152	-6.180E-01
R1	(1/s)	600.800	114	1.182	0.011	1	1.191	-7.640E-01
R1	(1/s)	600.800	115	1.140	0.016	1	1.116	1.550E+00
R1	(1/s)	600.800	116	1.064	0.009	1	1.077	-1.380E+00
R1	(1/s)	600.800	117	1.194	0.027	1	1.185	3.420E-01
R1	(1/s)	600.800	118	1.132	0.023	1	1.119	5.950E-01
R1	(1/s)	600.800	119	1.224	0.025	1	1.229	-2.060E-01
R1	(1/s)	600.800	120	1.155	0.009	1	1.159	-4.140E-01
R1	(1/s)	600.800	121	1.209	0.024	1	1.167	1.720E+00
R1	(1/s)	600.800	122	1.187	0.017	1	1.127	3.540E+00
R1	(1/s)	600.800	123	1.294	0.031	1	0.840	1.450E+01
R1	(1/s)	600.800	125	1.348	0.025	1	1.427	-3.170E+00
R1	(1/s)	600.800	126	1.320	0.035	1	0.990	9.350E+00
R1	(1/s)	600.800	127	1.293	0.026	1	1.370	-2.920E+00
R1	(1/s)	600.800	129	1.239	0.030	1	1.294	-1.860E+00
R1	(1/s)	600.800	130	1.226	0.024	1	1.209	7.060E-01
R1	(1/s)	600.800	131	1.194	0.029	1	1.231	-1.300E+00
R1	(1/s)	600.800	132	1.240	0.025	1	1.205	1.410E+00
R1	(1/s)	600.800	133	1.253	0.016	1	1.288	-2.110E+00
R1	(1/s)	600.800	135	1.212	0.023	1	1.245	-1.410E+00
R1	(1/s)	600.800	136	1.264	0.019	1	1.278	-7.640E-01
R1	(1/s)	600.800	139	1.213	0.027	1	1.247	-1.240E+00
R1	(1/s)	600.800	141	1.209	0.026	1	1.281	-2.740E+00
R1	(1/s)	600.800	142	1.134	0.023	1	1.095	1.690E+00
R1	(1/s)	600.800	143	1.112	0.014	1	1.127	-1.070E+00
R1	(1/s)	600.800	145	1.157	0.018	1	1.126	1.720E+00
R1	(1/s)	600.800	146	1.252	0.022	1	1.216	1.660E+00
R1	(1/s)	600.800	147	1.135	0.012	1	1.126	7.650E-01
R1	(1/s)	600.800	148	1.150	0.020	1	1.161	-5.270E-01
R1	(1/s)	600.800	149	1.120	0.024	1	1.058	2.560E+00
R1	(1/s)	600.800	150	1.164	0.017	1	1.114	2.920E+00
R1	(1/s)	600.800	151	1.220	0.009	1	1.203	1.880E+00
R1	(1/s)	600.800	152	1.272	0.012	1	1.338	-5.650E+00
R1	(1/s)	600.800	153	1.287	0.007	1	1.410	-1.770E+01
R1	(1/s)	600.800	154	1.340	0.013	1	1.520	-1.400E+01
R1	(1/s)	600.800	155	1.069	0.010	1	1.318	-2.610E+01
R2	(1/s)	600.800	2	6.365	0.434	1	7.845	-3.410E+00
R2	(1/s)	600.800	5	12.296	0.230	1	11.957	1.470E+00
R2	(1/s)	600.800	6	12.227	0.631	1	12.532	-4.840E-01
R2	(1/s)	600.800	8	11.976	0.360	1	12.721	-2.070E+00
R2	(1/s)	600.800	9	12.121	0.280	1	12.665	-1.940E+00
R2	(1/s)	600.800	10	12.540	0.308	1	12.701	-5.220E-01
R2	(1/s)	600.800	11	11.221	0.403	1	12.013	-1.970E+00
R2	(1/s)	600.800	13	9.630	0.540	1	10.743	-2.060E+00
R2	(1/s)	600.800	14	10.730	0.248	1	11.674	-3.820E+00
R2	(1/s)	600.800	15	6.263	0.118	1	7.690	-1.200E+01
R2	(1/s)	600.800	18	12.187	0.169	1	12.092	5.600E-01
R2	(1/s)	600.800	20	11.805	0.208	1	12.640	-4.010E+00
R2	(1/s)	600.800	21	11.968	0.248	1	12.672	-2.840E+00
R2	(1/s)	600.800	22	12.352	0.478	1	12.830	-1.000E+00
R2	(1/s)	600.800	23	13.111	0.419	1	12.893	5.200E-01
R2	(1/s)	600.800	24	12.057	0.496	1	12.770	-1.440E+00
R2	(1/s)	600.800	25	12.057	0.366	1	11.943	3.100E-01
R2	(1/s)	600.800	26	12.124	0.285	1	12.754	-2.210E+00
R2	(1/s)	600.800	27	12.849	0.359	1	13.066	-6.050E-01
R2	(1/s)	600.800	28	11.693	0.277	1	11.671	7.760E-02
R2	(1/s)	600.800	29	11.307	0.109	1	11.767	-4.200E+00
R2	(1/s)	600.800	30	10.677	0.189	1	11.546	-4.600E+00
R2	(1/s)	600.800	33	10.961	0.283	1	11.394	-1.530E+00
R2	(1/s)	600.800	34	12.123	0.165	1	11.685	2.650E+00
R2	(1/s)	600.800	35	11.521	0.432	1	11.544	-5.100E-02
R2	(1/s)	600.800	36	11.778	0.157	1	11.770	5.540E-02
R2	(1/s)	600.800	37	11.545	0.273	1	11.696	-5.530E-01
R2	(1/s)	600.800	38	11.296	0.364	1	11.413	-3.220E-01
R2	(1/s)	600.800	39	11.315	0.291	1	11.816	-1.730E+00
R2	(1/s)	600.800	41	12.596	0.240	1	12.857	-1.090E+00
R2	(1/s)	600.800	42	11.894	0.258	1	11.923	-1.090E-01
R2	(1/s)	600.800	43	11.974	0.417	1	12.899	-2.220E+00
R2	(1/s)	600.800	44	12.920	0.319	1	13.479	-1.760E+00
R2	(1/s)	600.800	45	14.074	0.547	1	13.831	4.440E-01
R2	(1/s)	600.800	46	13.636	0.429	1	13.320	7.350E-01
R2	(1/s)	600.800	47	13.569	0.290	1	13.263	1.050E+00
R2	(1/s)	600.800	49	13.639	0.798	1	13.603	4.540E-02
R2	(1/s)	600.800	50	13.422	1.014	1	13.248	1.720E-01
R2	(1/s)	600.800	51	13.051	0.775	1	13.261	-2.710E-01
R2	(1/s)	600.800	52	14.053	0.451	1	12.933	2.490E+00
R2	(1/s)	600.800	55	12.791	0.674	1	13.240	-6.670E-01
R2	(1/s)	600.800	58	12.591	0.197	1	12.721	-6.610E-01
R2	(1/s)	600.800	59	13.601	0.279	1	12.739	3.100E+00
R2	(1/s)	600.800	61	10.405	0.162	1	10.074	2.040E+00
R2	(1/s)	600.800	65	12.813	0.345	1	12.232	1.690E+00
R2	(1/s)	600.800	66	11.756	0.304	1	12.374	-2.030E+00
R2	(1/s)	600.800	67	12.848	0.432	1	12.860	-2.830E-02
R2	(1/s)	600.800	68	12.527	0.443	1	12.200	7.380E-01
R2	(1/s)	600.800	69	12.622	0.323	1	12.645	-7.160E-02
R2	(1/s)	600.800	70	12.362	0.446	1	12.673	-6.980E-01
R2	(1/s)	600.800	71	12.384	0.379	1	12.237	3.870E-01
R2	(1/s)	600.800	72	12.993	0.295	1	12.713	9.500E-01
R2	(1/s)	600.800	74	12.818	0.379	1	12.847	-7.640E-02
R2	(1/s)	600.800	75	13.224	0.399	1	12.678	1.370E+00
R2	(1/s)	600.800	77	12.508	0.424	1	12.746	-5.610E-01
R2	(1/s)	600.800	78	13.484	0.375	1	12.761	1.930E+00
R2	(1/s)	600.800	79	13.133	0.349	1	12.678	1.310E+00
R2	(1/s)	600.800	81	11.602	0.316	1	11.474	4.040E-01
R2	(1/s)	600.800	82	13.899	0.455	1	13.146	1.650E+00
R2	(1/s)	600.800	83	12.977	0.301	1	12.757	7.340E-01
R2	(1/s)	600.800	84	11.994	0.220	1	11.678	1.440E+00
R2	(1/s)	600.800	86	13.382	0.297	1	13.132	8.420E-01
R2	(1/s)	600.800	87	12.177	0.251	1	11.882	1.180E+00
R2	(1/s)	600.800	88	12.137	0.199	1	11.907	1.160E+00
R2	(1/s)	600.800	89	11.713	0.167	1	12.210	-2.970E+00
R2	(1/s)	600.800	90	15.873	0.399	1	12.818	7.660E+00
R2	(1/s)	600.800	91	13.529	0.217	1	12.013	6.980E+00
R2	(1/s)	600.800	92	11.562	0.102	1	11.473	8.780E-01
R2	(1/s)	600.800	93	11.488	0.325	1	11.250	7.330E-01
R2	(1/s)	600.800	94	11.678	0.144	1	11.765	-6.070E-01
R2	(1/s)	600.800	95	11.859	0.153	1	12.070	-1.380E+00
R2	(1/s)	600.800	96	9.971	0.112	1	10.453	-4.320E+00
R2	(1/s)	600.800	98	10.864	0.256	1	11.138	-1.070E+00
R2	(1/s)	600.800	99	12.196	0.300	1	12.030	5.530E-01
R2	(1/s)	600.800	100	14.165	0.335	1	13.419	2.230E+00
R2	(1/s)	600.800	101	13.688	0.258	1	13.962	-1.060E+00
R2	(1/s)	600.800	102	13.454	0.175	1	13.371	4.760E-01
R2	(1/s)	600.800	103	12.985	0.243	1	12.454	2.190E+00
R2	(1/s)	600.800	104	9.808	1.944	1	10.885	-5.540E-01
R2	(1/s)	600.800	105	13.951	0.287	1	13.429	1.820E+00
R2	(1/s)	600.800	106	12.632	0.289	1	13.359	-2.520E+00
R2	(1/s)	600.800	107	12.919	0.664	1	13.701	-1.180E+00
R2	(1/s)	600.800	109	12.890	0.222	1	13.330	-1.990E+00
R2	(1/s)	600.800	110	12.634	0.268	1	12.543	3.370E-01
R2	(1/s)	600.800	111	12.924	0.514	1	13.815	-1.730E+00
R2	(1/s)	600.800	112	12.476	0.375	1	12.066	1.090E+00
R2	(1/s)	600.800	114	12.904	0.156	1	13.894	-6.360E+00
R2	(1/s)	600.800	115	12.055	0.300	1	12.455	-1.340E+00
R2	(1/s)	600.800	116	11.695	0.161	1	11.439	1.590E+00
R2	(1/s)	600.800	117	12.160	0.405	1	12.109	1.260E-01
R2	(1/s)	600.800	118	9.899	0.506	1	10.710	-1.600E+00
R2	(1/s)	600.800	119	11.856	0.132	1	11.843	9.510E-02
R2	(1/s)	600.800	120	11.450	0.217	1	10.977	2.180E+00
R2	(1/s)	600.800	121	11.023	0.313	1	11.102	-2.520E-01
R2	(1/s)	600.800	122	10.429	0.588	1	12.076	-2.800E+00
R2	(1/s)	600.800	123	7.351	0.151	1	8.233	-5.830E+00
R2	(1/s)	600.800	125	9.271	0.397	1	10.517	-3.140E+00
R2	(1/s)	600.800	126	8.997	0.176	1	9.162	-9.340E-01
R2	(1/s)	600.800	127	10.696	0.194	1	11.013	-1.630E+00
R2	(1/s)	600.800	129	12.416	0.300	1	12.773	-1.190E+00
R2	(1/s)	600.800	130	12.768	0.490	1	12.163	1.240E+00
R2	(1/s)	600.800	131	13.302	0.749	1	13.433	-1.750E-01
R2	(1/s)	600.800	132	12.412	0.435	1	12.364	1.110E-01
R2	(1/s)	600.800	133	12.316	0.372	1	12.837	-1.400E+00
R2	(1/s)	600.800	135	12.779	0.190	1	13.287	-2.680E+00
R2	(1/s)	600.800	136	12.602	0.414	1	12.937	-8.080E-01
R2	(1/s)	600.800	139	13.263	0.395	1	13.266	-7.060E-03
R2	(1/s)	600.800	141	12.738	0.376	1	12.902	-4.360E-01
R2	(1/s)	600.800	142	12.304	0.309	1	12.350	-1.490E-01
R2	(1/s)	600.800	143	11.243	0.262	1	10.867	1.430E+00
R2	(1/s)	600.800	145	10.866	0.184	1	10.988	-6.620E-01
R2	(1/s)	600.800	146	11.242	0.302	1	11.670	-1.410E+00
R2	(1/s)	600.800	147	11.174	0.132	1	11.207	-2.490E-01
R2	(1/s)	600.800	148	11.665	0.208	1	11.752	-4.200E-01
R2	(1/s)	600.800	149	11.696	0.217	1	12.121	-1.960E+00
R2	(1/s)	600.800	150	12.034	0.286	1	12.892	-2.990E+00
R2	(1/s)	600.800	151	12.265	0.271	1	12.384	-4.380E-01
R2	(1/s)	600.800	152	9.029	0.151	1	10.814	-1.190E+01
R2	(1/s)	600.800	153	7.024	0.071	1	8.695	-2.360E+01
R2	(1/s)	600.800	154	5.567	0.087	1	6.788	-1.400E+01
R2	(1/s)	600.800	155	2.707	0.088	1	5.614	-3.300E+01
NOE	()	600.800	2	0.070	0.021	1	-0.017	4.140E+00
NOE	()	600.800	5	0.789	0.026	1	0.790	-4.410E-02
NOE	()	600.800	6	0.831	0.031	1	0.817	4.520E-01
NOE	()	600.800	8	0.831	0.032	1	0.828	7.400E-02
NOE	()	600.800	9	0.770	0.029	1	0.828	-1.990E+00
NOE	()	600.800	10	0.793	0.027	1	0.828	-1.280E+00
NOE	()	600.800	11	0.771	0.031	1	0.726	1.450E+00
NOE	()	600.800	13	0.661	0.022	1	0.596	2.960E+00
NOE	()	600.800	14	0.756	0.019	1	0.700	2.900E+00
NOE	()	600.800	15	0.294	0.012	1	0.122	1.480E+01
NOE	()	600.800	18	0.799	0.017	1	0.809	-5.320E-01
NOE	()	600.800	20	0.833	0.018	1	0.828	2.660E-01
NOE	()	600.800	21	0.810	0.021	1	0.828	-8.800E-01
NOE	()	600.800	22	0.859	0.028	1	0.829	1.080E+00
NOE	()	600.800	23	0.818	0.026	1	0.829	-4.060E-01
NOE	()	600.800	24	0.841	0.023	1	0.829	5.400E-01
NOE	()	600.800	25	0.845	0.028	1	0.826	6.640E-01
NOE	()	600.800	26	0.839	0.023	1	0.829	4.780E-01
NOE	()	600.800	27	0.836	0.029	1	0.829	2.530E-01
NOE	()	600.800	28	0.793	0.018	1	0.782	6.190E-01
NOE	()	600.800	29	0.712	0.017	1	0.673	2.290E+00
NOE	()	600.800	30	0.698	0.015	1	0.662	2.430E+00
NOE	()	600.800	33	0.821	0.023	1	0.802	8.020E-01
NOE	()	600.800	34	0.785	0.018	1	0.779	3.210E-01
NOE	()	600.800	35	0.807	0.023	1	0.801	2.620E-01
NOE	()	600.800	36	0.819	0.018	1	0.802	9.510E-01
NOE	()	600.800	37	0.827	0.025	1	0.815	4.810E-01
NOE	()	600.800	38	0.849	0.026	1	0.817	1.200E+00
NOE	()	600.800	39	0.828	0.021	1	0.828	4.080E-03
NOE	()	600.800	41	0.795	0.017	1	0.829	-1.920E+00
NOE	()	600.800	42	0.822	0.019	1	0.805	8.940E-01
NOE	()	600.800	43	0.835	0.021	1	0.829	2.870E-01
NOE	()	600.800	44	0.826	0.032	1	0.830	-1.220E-01
NOE	()	600.800	45	0.831	0.038	1	0.831	1.590E-02
NOE	()	600.800	46	0.836	0.029	1	0.830	2.280E-01
NOE	()	600.800	47	0.824	0.039	1	0.830	-1.360E-01
NOE	()	600.800	49	0.818	0.078	1	0.830	-1.620E-01
NOE	()	600.800	50	0.854	0.089	1	0.830	2.770E-01
NOE	()	600.800	51	0.797	0.075	1	0.830	-4.370E-01
NOE	()	600.800	52	0.850	0.059	1	0.830	3.270E-01
NOE	()	600.800	55	0.916	0.082	1	0.830	1.050E+00
NOE	()	600.800	58	0.880	0.018	1	0.828	2.910E+00
NOE	()	600.800	59	0.824	0.025	1	0.830	-2.400E-01
NOE	()	600.800	61	0.492	0.014	1	0.447	3.200E+00
NOE	()	600.800	65	0.829	0.020	1	0.815	7.190E-01
NOE	()	600.800	66	0.831	0.059	1	0.740	1.540E+00
NOE	()	600.800	67	0.872	0.029	1	0.829	1.460E+00
NOE	()	600.800	68	0.801	0.027	1	0.785	6.140E-01
NOE	()	600.800	69	0.822	0.027	1	0.828	-2.540E-01
NOE	()	600.800	70	0.783	0.040	1	0.828	-1.130E+00
NOE	()	600.800	71	0.757	0.044	1	0.709	1.100E+00
NOE	()	600.800	72	0.792	0.030	1	0.828	-1.220E+00
NOE	()	600.800	74	0.831	0.052	1	0.829	3.810E-02
NOE	()	600.800	75	0.836	0.029	1	0.828	2.730E-01
NOE	()	600.800	77	0.827	0.027	1	0.828	-3.950E-02
NOE	()	600.800	78	0.798	0.026	1	0.829	-1.180E+00
NOE	()	600.800	79	0.826	0.036	1	0.828	-6.370E-02
NOE	()	600.800	81	0.620	0.036	1	0.590	8.450E-01
NOE	()	600.800	82	0.773	0.022	1	0.829	-2.520E+00
NOE	()	600.800	83	0.748	0.027	1	0.829	-2.960E+00
NOE	()	600.800	84	0.703	0.034	1	0.673	8.890E-01
NOE	()	600.800	86	0.811	0.025	1	0.829	-7.200E-01
NOE	()	600.800	87	0.789	0.021	1	0.771	7.980E-01
NOE	()	600.800	88	0.746	0.021	1	0.749	-1.570E-01
NOE	()	600.800	89	0.737	0.016	1	0.699	2.380E+00
NOE	()	600.800	90	0.781	0.027	1	0.829	-1.760E+00
NOE	()	600.800	91	0.733	0.017	1	0.764	-1.770E+00
NOE	()	600.800	92	0.673	0.015	1	0.644	1.970E+00
NOE	()	600.800	93	0.625	0.022	1	0.612	5.890E-01
NOE	()	600.800	94	0.616	0.016	1	0.584	2.020E+00
NOE	()	600.800	95	0.649	0.014	1	0.640	5.970E-01
NOE	()	600.800	96	0.545	0.012	1	0.460	6.880E+00
NOE	()	600.800	98	0.660	0.020	1	0.574	4.270E+00
NOE	()	600.800	99	0.760	0.024	1	0.696	2.700E+00
NOE	()	600.800	100	0.802	0.026	1	0.830	-1.030E+00
NOE	()	600.800	101	0.818	0.019	1	0.831	-6.910E-01
NOE	()	600.800	102	0.833	0.020	1	0.830	1.620E-01
NOE	()	600.800	103	0.849	0.019	1	0.830	9.800E-01
NOE	()	600.800	104	0.781	0.075	1	0.589	2.580E+00
NOE	()	600.800	105	0.870	0.036	1	0.830	1.110E+00
NOE	()	600.800	106	0.869	0.023	1	0.830	1.700E+00
NOE	()	600.800	107	0.891	0.079	1	0.830	7.620E-01
NOE	()	600.800	109	0.844	0.027	1	0.830	5.300E-01
NOE	()	600.800	110	0.823	0.019	1	0.830	-3.250E-01
NOE	()	600.800	111	0.824	0.037	1	0.831	-1.710E-01
NOE	()	600.800	112	0.829	0.022	1	0.815	6.340E-01
NOE	()	600.800	114	0.814	0.022	1	0.831	-7.360E-01
NOE	()	600.800	115	0.814	0.025	1	0.756	2.320E+00
NOE	()	600.800	116	0.788	0.017	1	0.781	4.490E-01
NOE	()	600.800	117	0.827	0.026	1	0.829	-7.510E-02
NOE	()	600.800	118	0.748	0.027	1	0.691	2.110E+00
NOE	()	600.800	119	0.819	0.024	1	0.821	-6.110E-02
NOE	()	600.800	120	0.754	0.024	1	0.739	6.390E-01
NOE	()	600.800	121	0.757	0.027	1	0.736	7.590E-01
NOE	()	600.800	122	0.617	0.018	1	0.583	1.900E+00
NOE	()	600.800	123	0.279	0.014	1	0.146	9.380E+00
NOE	()	600.800	125	0.555	0.018	1	0.559	-2.520E-01
NOE	()	600.800	126	0.578	0.019	1	0.460	6.200E+00
NOE	()	600.800	127	0.671	0.026	1	0.593	3.030E+00
NOE	()	600.800	129	0.810	0.032	1	0.829	-5.930E-01
NOE	()	600.800	130	0.818	0.034	1	0.804	4.320E-01
NOE	()	600.800	131	0.807	0.035	1	0.830	-6.630E-01
NOE	()	600.800	132	0.797	0.026	1	0.760	1.410E+00
NOE	()	600.800	133	0.804	0.036	1	0.829	-6.810E-01
NOE	()	600.800	135	0.853	0.028	1	0.830	8.280E-01
NOE	()	600.800	136	0.839	0.032	1	0.829	3.140E-01
NOE	()	600.800	139	0.842	0.031	1	0.830	4.120E-01
NOE	()	600.800	141	0.824	0.030	1	0.829	-1.710E-01
NOE	()	600.800	142	0.853	0.030	1	0.827	8.780E-01
NOE	()	600.800	143	0.790	0.020	1	0.791	-5.380E-02
NOE	()	600.800	145	0.773	0.027	1	0.757	6.220E-01
NOE	()	600.800	146	0.819	0.029	1	0.799	6.770E-01
NOE	()	600.800	147	0.789	0.013	1	0.762	2.040E+00
NOE	()	600.800	148	0.793	0.020	1	0.788	2.580E-01
NOE	()	600.800	149	0.784	0.018	1	0.701	4.650E+00
NOE	()	600.800	150	0.746	0.021	1	0.711	1.660E+00
NOE	()	600.800	151	0.797	0.017	1	0.766	1.790E+00
NOE	()	600.800	152	0.566	0.014	1	0.514	3.880E+00
NOE	()	600.800	153	0.362	0.008	1	0.248	1.400E+01
NOE	()	600.800	154	0.137	0.006	1	0.098	6.060E+00
NOE	()	600.800	155	-0.591	0.008	1	-0.537	-7.040E+00
NxyNz	()	600.800	2	5.278	0.991	1	9.148	-3.910E+00
NxyNz	()	600.800	5	10.222	0.298	1	10.138	2.820E-01
NxyNz	()	600.800	6	11.396	0.585	1	10.888	8.680E-01
NxyNz	()	600.800	8	9.538	0.507	1	9.987	-8.860E-01
NxyNz	()	600.800	9	9.782	0.312	1	9.899	-3.750E-01
NxyNz	()	600.800	10	10.547	0.503	1	9.956	1.180E+00
NxyNz	()	600.800	11	10.325	0.454	1	9.858	1.030E+00
NxyNz	()	600.800	13	7.819	0.441	1	9.648	-4.140E+00
NxyNz	()	600.800	14	8.696	0.290	1	9.770	-3.700E+00
NxyNz	()	600.800	15	6.016	0.105	1	9.619	-3.420E+01
NxyNz	()	600.800	18	10.151	0.565	1	10.324	-3.060E-01
NxyNz	()	600.800	20	9.974	0.278	1	9.860	4.080E-01
NxyNz	()	600.800	21	10.272	0.343	1	9.910	1.050E+00
NxyNz	()	600.800	22	9.580	0.488	1	10.158	-1.180E+00
NxyNz	()	600.800	23	10.782	0.880	1	10.258	5.950E-01
NxyNz	()	600.800	24	9.860	0.595	1	10.063	-3.410E-01
NxyNz	()	600.800	25	11.063	0.812	1	10.275	9.710E-01
NxyNz	()	600.800	26	10.623	0.306	1	10.039	1.910E+00
NxyNz	()	600.800	27	10.367	0.706	1	10.534	-2.370E-01
NxyNz	()	600.800	28	10.427	0.422	1	9.838	1.400E+00
NxyNz	()	600.800	29	9.118	0.367	1	10.100	-2.680E+00
NxyNz	()	600.800	30	8.896	0.144	1	8.978	-5.680E-01
NxyNz	()	600.800	33	10.076	0.376	1	9.889	4.960E-01
NxyNz	()	600.800	34	10.393	0.327	1	10.165	6.990E-01
NxyNz	()	600.800	35	9.374	0.480	1	9.857	-1.010E+00
NxyNz	()	600.800	36	10.059	0.150	1	9.913	9.740E-01
NxyNz	()	600.800	37	9.676	0.467	1	10.162	-1.040E+00
NxyNz	()	600.800	38	10.430	0.509	1	10.035	7.750E-01
NxyNz	()	600.800	39	10.057	0.565	1	9.856	3.560E-01
NxyNz	()	600.800	41	10.483	0.220	1	10.201	1.280E+00
NxyNz	()	600.800	42	10.418	0.421	1	9.861	1.320E+00
NxyNz	()	600.800	43	10.347	0.254	1	10.268	3.130E-01
NxyNz	()	600.800	44	11.000	0.630	1	11.207	-3.290E-01
NxyNz	()	600.800	45	12.279	1.034	1	11.797	4.660E-01
NxyNz	()	600.800	46	10.973	0.970	1	10.945	2.840E-02
NxyNz	()	600.800	47	11.406	1.028	1	10.853	5.380E-01
NxyNz	()	600.800	49	13.033	3.404	1	11.413	4.760E-01
NxyNz	()	600.800	50	13.454	1.447	1	10.827	1.820E+00
NxyNz	()	600.800	51	10.921	1.455	1	10.849	4.980E-02
NxyNz	()	600.800	52	13.510	0.840	1	11.583	2.290E+00
NxyNz	()	600.800	55	12.540	1.916	1	10.815	9.000E-01
NxyNz	()	600.800	58	10.045	0.274	1	9.986	2.110E-01
NxyNz	()	600.800	59	12.083	0.344	1	11.359	2.110E+00
NxyNz	()	600.800	61	8.661	0.172	1	9.508	-4.940E+00
NxyNz	()	600.800	65	10.688	0.274	1	10.845	-5.730E-01
NxyNz	()	600.800	66	9.438	0.424	1	9.844	-9.590E-01
NxyNz	()	600.800	67	10.646	0.529	1	10.205	8.330E-01
NxyNz	()	600.800	68	10.150	0.695	1	10.378	-3.290E-01
NxyNz	()	600.800	69	10.560	0.569	1	9.869	1.210E+00
NxyNz	()	600.800	70	9.982	1.797	1	9.912	3.900E-02
NxyNz	()	600.800	71	9.305	1.650	1	9.634	-1.990E-01
NxyNz	()	600.800	72	9.813	0.799	1	9.974	-2.010E-01
NxyNz	()	600.800	74	9.887	1.530	1	10.186	-1.950E-01
NxyNz	()	600.800	75	9.891	0.555	1	9.920	-5.350E-02
NxyNz	()	600.800	77	10.683	0.488	1	10.025	1.350E+00
NxyNz	()	600.800	78	9.946	0.376	1	10.049	-2.750E-01
NxyNz	()	600.800	79	9.872	0.804	1	9.919	-5.910E-02
NxyNz	()	600.800	81	10.075	0.827	1	10.944	-1.050E+00
NxyNz	()	600.800	82	10.753	0.399	1	10.662	2.280E-01
NxyNz	()	600.800	83	9.961	0.365	1	10.043	-2.230E-01
NxyNz	()	600.800	84	9.480	0.815	1	9.818	-4.150E-01
NxyNz	()	600.800	86	10.021	0.438	1	10.640	-1.410E+00
NxyNz	()	600.800	87	9.842	0.240	1	9.819	9.630E-02
NxyNz	()	600.800	88	10.758	0.441	1	10.662	2.180E-01
NxyNz	()	600.800	89	11.296	0.368	1	11.172	3.380E-01
NxyNz	()	600.800	90	9.866	0.448	1	10.139	-6.110E-01
NxyNz	()	600.800	91	10.993	0.280	1	10.001	3.550E+00
NxyNz	()	600.800	92	9.629	0.363	1	10.026	-1.090E+00
NxyNz	()	600.800	93	7.194	2.122	1	9.978	-1.310E+00
NxyNz	()	600.800	94	10.009	0.504	1	10.466	-9.070E-01
NxyNz	()	600.800	95	10.027	0.147	1	9.893	9.080E-01
NxyNz	()	600.800	96	8.262	0.288	1	9.503	-4.310E+00
NxyNz	()	600.800	98	9.326	0.388	1	10.050	-1.870E+00
NxyNz	()	600.800	99	9.261	0.407	1	9.845	-1.430E+00
NxyNz	()	600.800	100	12.104	0.386	1	11.108	2.580E+00
NxyNz	()	600.800	101	12.354	0.321	1	12.021	1.040E+00
NxyNz	()	600.800	102	10.893	0.437	1	11.028	-3.100E-01
NxyNz	()	600.800	103	11.959	0.630	1	11.230	1.160E+00
NxyNz	()	600.800	104	11.651	0.827	1	11.539	1.360E-01
NxyNz	()	600.800	105	11.531	0.427	1	11.125	9.510E-01
NxyNz	()	600.800	106	11.237	0.157	1	11.010	1.450E+00
NxyNz	()	600.800	107	10.812	0.909	1	11.577	-8.410E-01
NxyNz	()	600.800	109	11.285	0.340	1	10.961	9.540E-01
NxyNz	()	600.800	110	11.312	0.186	1	10.921	2.110E+00
NxyNz	()	600.800	111	11.786	0.662	1	11.769	2.580E-02
NxyNz	()	600.800	112	10.785	0.450	1	10.708	1.720E-01
NxyNz	()	600.800	114	11.164	0.611	1	11.905	-1.210E+00
NxyNz	()	600.800	115	10.615	0.522	1	11.499	-1.690E+00
NxyNz	()	600.800	116	10.618	0.341	1	10.910	-8.570E-01
NxyNz	()	600.800	117	10.993	0.364	1	10.429	1.550E+00
NxyNz	()	600.800	118	8.125	0.353	1	9.949	-5.170E+00
NxyNz	()	600.800	119	9.369	0.588	1	9.843	-8.060E-01
NxyNz	()	600.800	120	9.627	0.417	1	9.781	-3.700E-01
NxyNz	()	600.800	121	9.510	0.284	1	9.823	-1.100E+00
NxyNz	()	600.800	122	9.037	0.713	1	11.302	-3.180E+00
NxyNz	()	600.800	123	5.448	0.247	1	10.996	-2.240E+01
NxyNz	()	600.800	125	7.831	0.290	1	7.757	2.550E-01
NxyNz	()	600.800	126	6.731	0.246	1	9.923	-1.300E+01
NxyNz	()	600.800	127	8.253	0.172	1	8.429	-1.020E+00
NxyNz	()	600.800	129	10.343	0.457	1	10.069	5.990E-01
NxyNz	()	600.800	130	10.373	0.435	1	10.299	1.700E-01
NxyNz	()	600.800	131	9.959	1.039	1	11.131	-1.130E+00
NxyNz	()	600.800	132	8.773	0.481	1	10.566	-3.730E+00
NxyNz	()	600.800	133	9.731	1.391	1	10.170	-3.160E-01
NxyNz	()	600.800	135	10.732	0.342	1	10.892	-4.670E-01
NxyNz	()	600.800	136	10.063	1.073	1	10.328	-2.460E-01
NxyNz	()	600.800	139	10.316	0.415	1	10.856	-1.300E+00
NxyNz	()	600.800	141	10.356	0.701	1	10.272	1.200E-01
NxyNz	()	600.800	142	10.539	0.367	1	11.510	-2.650E+00
NxyNz	()	600.800	143	10.428	0.214	1	9.888	2.520E+00
NxyNz	()	600.800	145	10.225	0.843	1	10.054	2.020E-01
NxyNz	()	600.800	146	10.017	0.388	1	9.828	4.880E-01
NxyNz	()	600.800	147	10.709	0.101	1	10.248	4.580E+00
NxyNz	()	600.800	148	11.333	0.615	1	10.388	1.540E+00
NxyNz	()	600.800	149	12.246	0.232	1	11.898	1.500E+00
NxyNz	()	600.800	150	11.169	0.339	1	11.998	-2.440E+00
NxyNz	()	600.800	151	10.037	0.254	1	10.590	-2.180E+00
NxyNz	()	600.800	152	7.408	0.125	1	8.561	-9.240E+00
NxyNz	()	600.800	153	5.628	0.067	1	6.728	-1.650E+01
NxyNz	()	600.800	154	4.611	0.092	1	4.933	-3.510E+00
NxyNz	()	600.800	155	2.417	0.080	1	5.097	-3.350E+01
R1	(1/s)	799.800	2	0.968	0.070	1	0.754	3.080E+00
R1	(1/s)	799.800	5	0.878	0.049	1	0.851	5.570E-01
R1	(1/s)	799.800	6	0.854	0.031	1	0.823	9.970E-01
R1	(1/s)	799.800	8	0.870	0.024	1	0.911	-1.660E+00
R1	(1/s)	799.800	9	0.922	0.048	1	0.915	1.460E-01
R1	(1/s)	799.800	10	0.890	0.017	1	0.912	-1.320E+00
R1	(1/s)	799.800	11	0.914	0.022	1	0.893	9.380E-01
R1	(1/s)	799.800	13	0.921	0.014	1	0.843	5.720E+00
R1	(1/s)	799.800	14	0.988	0.013	1	0.882	8.010E+00
R1	(1/s)	799.800	15	0.826	0.008	1	0.682	1.730E+01
R1	(1/s)	799.800	18	0.842	0.006	1	0.841	1.960E-01
R1	(1/s)	799.800	20	0.913	0.011	1	0.917	-3.030E-01
R1	(1/s)	799.800	21	0.883	0.021	1	0.914	-1.450E+00
R1	(1/s)	799.800	22	0.942	0.023	1	0.902	1.770E+00
R1	(1/s)	799.800	23	0.855	0.028	1	0.898	-1.530E+00
R1	(1/s)	799.800	24	0.880	0.018	1	0.907	-1.510E+00
R1	(1/s)	799.800	25	0.819	0.033	1	0.831	-3.610E-01
R1	(1/s)	799.800	26	0.903	0.025	1	0.908	-1.950E-01
R1	(1/s)	799.800	27	0.876	0.048	1	0.885	-1.870E-01
R1	(1/s)	799.800	28	0.872	0.015	1	0.859	9.110E-01
R1	(1/s)	799.800	29	0.940	0.016	1	0.864	4.750E+00
R1	(1/s)	799.800	30	0.981	0.011	1	0.992	-1.010E+00
R1	(1/s)	799.800	33	0.850	0.025	1	0.829	8.340E-01
R1	(1/s)	799.800	34	0.853	0.019	1	0.832	1.140E+00
R1	(1/s)	799.800	35	0.861	0.029	1	0.843	6.100E-01
R1	(1/s)	799.800	36	0.862	0.013	1	0.855	5.590E-01
R1	(1/s)	799.800	37	0.830	0.016	1	0.825	2.740E-01
R1	(1/s)	799.800	38	0.831	0.030	1	0.815	5.230E-01
R1	(1/s)	799.800	39	0.853	0.015	1	0.857	-3.360E-01
R1	(1/s)	799.800	41	0.879	0.005	1	0.900	-4.350E+00
R1	(1/s)	799.800	42	0.866	0.012	1	0.870	-3.280E-01
R1	(1/s)	799.800	43	0.852	0.015	1	0.897	-3.120E+00
R1	(1/s)	799.800	44	0.844	0.024	1	0.857	-5.100E-01
R1	(1/s)	799.800	45	0.853	0.030	1	0.834	6.330E-01
R1	(1/s)	799.800	46	0.844	0.015	1	0.867	-1.600E+00
R1	(1/s)	799.800	47	0.855	0.023	1	0.871	-7.070E-01
R1	(1/s)	799.800	49	0.823	0.049	1	0.848	-5.140E-01
R1	(1/s)	799.800	50	0.862	0.044	1	0.872	-2.380E-01
R1	(1/s)	799.800	51	0.852	0.068	1	0.871	-2.790E-01
R1	(1/s)	799.800	52	0.751	0.019	1	0.794	-2.260E+00
R1	(1/s)	799.800	55	0.837	0.058	1	0.873	-6.170E-01
R1	(1/s)	799.800	58	0.914	0.012	1	0.911	2.510E-01
R1	(1/s)	799.800	59	0.803	0.020	1	0.798	2.320E-01
R1	(1/s)	799.800	61	0.888	0.009	1	0.832	6.620E+00
R1	(1/s)	799.800	65	0.812	0.012	1	0.807	4.450E-01
R1	(1/s)	799.800	66	0.941	0.012	1	0.941	3.450E-02
R1	(1/s)	799.800	67	0.951	0.032	1	0.900	1.550E+00
R1	(1/s)	799.800	68	0.853	0.029	1	0.849	1.390E-01
R1	(1/s)	799.800	69	0.922	0.021	1	0.916	2.650E-01
R1	(1/s)	799.800	70	0.994	0.054	1	0.914	1.490E+00
R1	(1/s)	799.800	71	0.910	0.043	1	0.989	-1.810E+00
R1	(1/s)	799.800	72	0.937	0.027	1	0.911	9.540E-01
R1	(1/s)	799.800	74	0.883	0.042	1	0.901	-4.230E-01
R1	(1/s)	799.800	75	0.915	0.018	1	0.914	7.940E-02
R1	(1/s)	799.800	77	0.914	0.049	1	0.909	1.020E-01
R1	(1/s)	799.800	78	0.910	0.018	1	0.907	1.590E-01
R1	(1/s)	799.800	79	0.875	0.021	1	0.914	-1.880E+00
R1	(1/s)	799.800	81	0.828	0.026	1	0.793	1.370E+00
R1	(1/s)	799.800	82	0.846	0.021	1	0.879	-1.620E+00
R1	(1/s)	799.800	83	0.978	0.017	1	0.908	4.170E+00
R1	(1/s)	799.800	84	0.901	0.023	1	0.883	8.040E-01
R1	(1/s)	799.800	86	0.877	0.011	1	0.880	-2.680E-01
R1	(1/s)	799.800	87	0.907	0.012	1	0.878	2.380E+00
R1	(1/s)	799.800	88	0.822	0.011	1	0.813	7.820E-01
R1	(1/s)	799.800	89	0.874	0.008	1	0.804	8.870E+00
R1	(1/s)	799.800	90	0.922	0.032	1	0.903	5.990E-01
R1	(1/s)	799.800	91	0.846	0.012	1	0.873	-2.220E+00
R1	(1/s)	799.800	92	0.876	0.007	1	0.855	2.840E+00
R1	(1/s)	799.800	93	0.921	0.058	1	0.849	1.230E+00
R1	(1/s)	799.800	94	0.911	0.014	1	0.850	4.450E+00
R1	(1/s)	799.800	95	0.922	0.006	1	0.929	-1.160E+00
R1	(1/s)	799.800	96	0.927	0.006	1	0.859	1.210E+01
R1	(1/s)	799.800	98	0.882	0.014	1	0.842	2.760E+00
R1	(1/s)	799.800	99	0.947	0.017	1	0.901	2.730E+00
R1	(1/s)	799.800	100	0.824	0.025	1	0.861	-1.460E+00
R1	(1/s)	799.800	101	0.837	0.015	1	0.825	7.650E-01
R1	(1/s)	799.800	102	0.915	0.011	1	0.864	4.780E+00
R1	(1/s)	799.800	103	0.766	0.007	1	0.790	-3.650E+00
R1	(1/s)	799.800	104	0.893	0.052	1	0.714	3.440E+00
R1	(1/s)	799.800	105	0.849	0.023	1	0.860	-4.950E-01
R1	(1/s)	799.800	106	0.841	0.030	1	0.865	-8.000E-01
R1	(1/s)	799.800	107	0.944	0.090	1	0.842	1.140E+00
R1	(1/s)	799.800	109	0.868	0.016	1	0.867	8.620E-02
R1	(1/s)	799.800	110	0.836	0.016	1	0.819	1.060E+00
R1	(1/s)	799.800	111	0.824	0.018	1	0.835	-5.980E-01
R1	(1/s)	799.800	112	0.849	0.032	1	0.806	1.330E+00
R1	(1/s)	799.800	114	0.832	0.028	1	0.830	8.430E-02
R1	(1/s)	799.800	115	0.831	0.014	1	0.786	3.160E+00
R1	(1/s)	799.800	116	0.799	0.021	1	0.757	2.020E+00
R1	(1/s)	799.800	117	0.878	0.038	1	0.829	1.300E+00
R1	(1/s)	799.800	118	0.854	0.034	1	0.797	1.660E+00
R1	(1/s)	799.800	119	0.862	0.025	1	0.862	1.030E-03
R1	(1/s)	799.800	120	0.824	0.014	1	0.821	2.180E-01
R1	(1/s)	799.800	121	0.896	0.041	1	0.827	1.670E+00
R1	(1/s)	799.800	122	0.869	0.029	1	0.808	2.150E+00
R1	(1/s)	799.800	123	1.131	0.026	1	0.634	1.940E+01
R1	(1/s)	799.800	125	1.080	0.039	1	1.161	-2.070E+00
R1	(1/s)	799.800	126	1.057	0.031	1	0.724	1.060E+01
R1	(1/s)	799.800	127	0.959	0.031	1	1.067	-3.510E+00
R1	(1/s)	799.800	129	0.898	0.030	1	0.907	-2.740E-01
R1	(1/s)	799.800	130	0.844	0.048	1	0.849	-9.410E-02
R1	(1/s)	799.800	131	0.863	0.039	1	0.860	7.720E-02
R1	(1/s)	799.800	132	0.896	0.031	1	0.849	1.460E+00
R1	(1/s)	799.800	133	0.907	0.022	1	0.902	2.390E-01
R1	(1/s)	799.800	135	0.869	0.011	1	0.870	-2.320E-03
R1	(1/s)	799.800	136	0.901	0.025	1	0.894	2.850E-01
R1	(1/s)	799.800	139	0.869	0.032	1	0.871	-7.650E-02
R1	(1/s)	799.800	141	0.865	0.026	1	0.897	-1.260E+00
R1	(1/s)	799.800	142	0.808	0.030	1	0.764	1.470E+00
R1	(1/s)	799.800	143	0.786	0.018	1	0.793	-3.890E-01
R1	(1/s)	799.800	145	0.810	0.016	1	0.795	9.140E-01
R1	(1/s)	799.800	146	0.894	0.016	1	0.855	2.420E+00
R1	(1/s)	799.800	147	0.809	0.005	1	0.794	2.750E+00
R1	(1/s)	799.800	148	0.819	0.007	1	0.816	4.140E-01
R1	(1/s)	799.800	149	0.780	0.007	1	0.749	4.350E+00
R1	(1/s)	799.800	150	0.857	0.013	1	0.787	5.440E+00
R1	(1/s)	799.800	151	0.905	0.009	1	0.848	6.400E+00
R1	(1/s)	799.800	152	0.990	0.005	1	1.034	-8.510E+00
R1	(1/s)	799.800	153	1.080	0.005	1	1.187	-2.230E+01
R1	(1/s)	799.800	154	1.180	0.012	1	1.386	-1.680E+01
R1	(1/s)	799.800	155	1.041	0.006	1	1.187	-2.250E+01
R2	(1/s)	799.800	2	8.167	0.447	1	9.243	-2.410E+00
R2	(1/s)	799.800	5	14.354	0.460	1	14.135	4.780E-01
R2	(1/s)	799.800	6	14.012	0.580	1	14.837	-1.420E+00
R2	(1/s)	799.800	8	14.379	0.463	1	15.033	-1.410E+00
R2	(1/s)	799.800	9	13.779	0.412	1	14.964	-2.880E+00
R2	(1/s)	799.800	10	14.036	0.554	1	15.009	-1.760E+00
R2	(1/s)	799.800	11	13.868	0.320	1	14.191	-1.010E+00
R2	(1/s)	799.800	13	10.028	0.504	1	12.683	-5.270E+00
R2	(1/s)	799.800	14	12.617	0.498	1	13.788	-2.350E+00
R2	(1/s)	799.800	15	7.602	0.113	1	9.076	-1.310E+01
R2	(1/s)	799.800	18	14.742	0.226	1	14.300	1.950E+00
R2	(1/s)	799.800	20	14.045	0.198	1	14.933	-4.490E+00
R2	(1/s)	799.800	21	14.614	0.232	1	14.973	-1.540E+00
R2	(1/s)	799.800	22	14.149	0.665	1	15.167	-1.530E+00
R2	(1/s)	799.800	23	15.607	0.474	1	15.245	7.630E-01
R2	(1/s)	799.800	24	14.285	0.406	1	15.093	-1.990E+00
R2	(1/s)	799.800	25	13.477	0.340	1	14.123	-1.900E+00
R2	(1/s)	799.800	26	14.334	0.501	1	15.074	-1.480E+00
R2	(1/s)	799.800	27	16.489	0.691	1	15.458	1.490E+00
R2	(1/s)	799.800	28	14.007	0.341	1	13.788	6.440E-01
R2	(1/s)	799.800	29	13.860	0.261	1	13.907	-1.780E-01
R2	(1/s)	799.800	30	12.786	0.191	1	13.625	-4.400E+00
R2	(1/s)	799.800	33	13.388	0.361	1	13.462	-2.040E-01
R2	(1/s)	799.800	34	13.744	0.230	1	13.814	-3.070E-01
R2	(1/s)	799.800	35	13.171	0.182	1	13.638	-2.560E+00
R2	(1/s)	799.800	36	13.203	0.253	1	13.907	-2.780E+00
R2	(1/s)	799.800	37	13.606	0.380	1	13.827	-5.820E-01
R2	(1/s)	799.800	38	13.570	0.337	1	13.489	2.420E-01
R2	(1/s)	799.800	39	13.661	0.129	1	13.960	-2.320E+00
R2	(1/s)	799.800	41	14.345	0.125	1	15.201	-6.860E+00
R2	(1/s)	799.800	42	14.214	0.286	1	14.086	4.490E-01
R2	(1/s)	799.800	43	14.620	0.146	1	15.253	-4.330E+00
R2	(1/s)	799.800	44	14.852	0.377	1	15.967	-2.960E+00
R2	(1/s)	799.800	45	15.986	0.480	1	16.399	-8.600E-01
R2	(1/s)	799.800	46	15.649	0.485	1	15.771	-2.500E-01
R2	(1/s)	799.800	47	15.739	0.479	1	15.701	7.930E-02
R2	(1/s)	799.800	49	15.702	0.561	1	16.119	-7.440E-01
R2	(1/s)	799.800	50	15.069	0.494	1	15.682	-1.240E+00
R2	(1/s)	799.800	51	15.967	0.835	1	15.698	3.230E-01
R2	(1/s)	799.800	52	15.984	0.440	1	15.329	1.490E+00
R2	(1/s)	799.800	55	15.381	0.431	1	15.673	-6.770E-01
R2	(1/s)	799.800	58	14.392	0.297	1	15.033	-2.160E+00
R2	(1/s)	799.800	59	15.552	0.466	1	15.093	9.840E-01
R2	(1/s)	799.800	61	12.766	0.217	1	11.887	4.040E+00
R2	(1/s)	799.800	65	14.540	0.344	1	14.479	1.770E-01
R2	(1/s)	799.800	66	14.732	0.119	1	14.628	8.750E-01
R2	(1/s)	799.800	67	15.051	0.614	1	15.204	-2.490E-01
R2	(1/s)	799.800	68	13.314	0.529	1	14.429	-2.110E+00
R2	(1/s)	799.800	69	14.277	0.443	1	14.940	-1.500E+00
R2	(1/s)	799.800	70	14.680	0.837	1	14.975	-3.520E-01
R2	(1/s)	799.800	71	13.597	0.917	1	14.474	-9.550E-01
R2	(1/s)	799.800	72	14.876	0.457	1	15.023	-3.210E-01
R2	(1/s)	799.800	74	14.877	0.587	1	15.189	-5.310E-01
R2	(1/s)	799.800	75	15.442	0.363	1	14.981	1.270E+00
R2	(1/s)	799.800	77	14.726	0.577	1	15.064	-5.850E-01
R2	(1/s)	799.800	78	14.751	0.241	1	15.082	-1.370E+00
R2	(1/s)	799.800	79	15.968	0.212	1	14.980	4.660E+00
R2	(1/s)	799.800	81	13.422	0.717	1	13.583	-2.240E-01
R2	(1/s)	799.800	82	16.401	0.342	1	15.556	2.470E+00
R2	(1/s)	799.800	83	15.510	0.348	1	15.077	1.250E+00
R2	(1/s)	799.800	84	13.719	0.294	1	13.793	-2.520E-01
R2	(1/s)	799.800	86	15.691	0.348	1	15.539	4.340E-01
R2	(1/s)	799.800	87	14.334	0.191	1	14.037	1.560E+00
R2	(1/s)	799.800	88	14.211	0.220	1	14.090	5.510E-01
R2	(1/s)	799.800	89	14.178	0.154	1	14.461	-1.830E+00
R2	(1/s)	799.800	90	20.452	0.376	1	15.153	1.410E+01
R2	(1/s)	799.800	91	16.449	0.230	1	14.197	9.780E+00
R2	(1/s)	799.800	92	13.116	0.128	1	13.557	-3.430E+00
R2	(1/s)	799.800	93	13.251	0.200	1	13.291	-2.000E-01
R2	(1/s)	799.800	94	13.744	0.182	1	13.913	-9.280E-01
R2	(1/s)	799.800	95	14.086	0.113	1	14.265	-1.590E+00
R2	(1/s)	799.800	96	11.407	0.088	1	12.333	-1.060E+01
R2	(1/s)	799.800	98	12.384	0.236	1	13.161	-3.300E+00
R2	(1/s)	799.800	99	14.918	0.311	1	14.209	2.280E+00
R2	(1/s)	799.800	100	16.869	0.303	1	15.893	3.230E+00
R2	(1/s)	799.800	101	16.337	0.251	1	16.559	-8.850E-01
R2	(1/s)	799.800	102	15.910	0.213	1	15.833	3.600E-01
R2	(1/s)	799.800	103	15.283	0.175	1	14.753	3.020E+00
R2	(1/s)	799.800	104	9.736	0.692	1	12.899	-4.570E+00
R2	(1/s)	799.800	105	16.115	0.635	1	15.905	3.300E-01
R2	(1/s)	799.800	106	15.311	0.254	1	15.819	-2.000E+00
R2	(1/s)	799.800	107	15.039	1.376	1	16.239	-8.720E-01
R2	(1/s)	799.800	109	15.262	0.299	1	15.783	-1.750E+00
R2	(1/s)	799.800	110	14.688	0.193	1	14.850	-8.390E-01
R2	(1/s)	799.800	111	15.585	0.413	1	16.379	-1.920E+00
R2	(1/s)	799.800	112	14.308	0.577	1	14.280	4.900E-02
R2	(1/s)	799.800	114	14.527	0.349	1	16.477	-5.590E+00
R2	(1/s)	799.800	115	12.722	0.696	1	14.761	-2.930E+00
R2	(1/s)	799.800	116	13.846	0.327	1	13.543	9.280E-01
R2	(1/s)	799.800	117	14.096	0.544	1	14.323	-4.180E-01
R2	(1/s)	799.800	118	10.833	1.312	1	12.655	-1.390E+00
R2	(1/s)	799.800	119	14.619	0.308	1	13.991	2.040E+00
R2	(1/s)	799.800	120	12.851	0.647	1	12.966	-1.770E-01
R2	(1/s)	799.800	121	12.333	0.351	1	13.115	-2.230E+00
R2	(1/s)	799.800	122	13.518	0.386	1	14.303	-2.030E+00
R2	(1/s)	799.800	123	8.518	0.161	1	9.745	-7.610E+00
R2	(1/s)	799.800	125	10.922	0.270	1	12.406	-5.500E+00
R2	(1/s)	799.800	126	10.014	0.107	1	10.824	-7.540E+00
R2	(1/s)	799.800	127	12.332	0.267	1	12.996	-2.480E+00
R2	(1/s)	799.800	129	14.736	0.333	1	15.098	-1.080E+00
R2	(1/s)	799.800	130	14.717	0.738	1	14.383	4.530E-01
R2	(1/s)	799.800	131	15.437	0.572	1	15.910	-8.270E-01
R2	(1/s)	799.800	132	11.899	1.306	1	14.628	-2.090E+00
R2	(1/s)	799.800	133	14.911	0.448	1	15.177	-5.930E-01
R2	(1/s)	799.800	135	15.064	0.153	1	15.731	-4.340E+00
R2	(1/s)	799.800	136	13.657	0.502	1	15.299	-3.270E+00
R2	(1/s)	799.800	139	14.581	0.342	1	15.704	-3.280E+00
R2	(1/s)	799.800	141	14.859	0.319	1	15.256	-1.240E+00
R2	(1/s)	799.800	142	13.738	0.522	1	14.636	-1.720E+00
R2	(1/s)	799.800	143	13.279	0.212	1	12.839	2.080E+00
R2	(1/s)	799.800	145	12.597	0.301	1	12.987	-1.300E+00
R2	(1/s)	799.800	146	14.404	0.454	1	13.786	1.360E+00
R2	(1/s)	799.800	147	12.928	0.136	1	13.251	-2.380E+00
R2	(1/s)	799.800	148	13.927	0.241	1	13.900	1.130E-01
R2	(1/s)	799.800	149	14.002	0.112	1	14.372	-3.320E+00
R2	(1/s)	799.800	150	14.663	0.212	1	15.289	-2.960E+00
R2	(1/s)	799.800	151	14.341	0.095	1	14.653	-3.290E+00
R2	(1/s)	799.800	152	11.156	0.257	1	12.756	-6.230E+00
R2	(1/s)	799.800	153	7.798	0.086	1	10.215	-2.800E+01
R2	(1/s)	799.800	154	6.456	0.159	1	7.935	-9.280E+00
R2	(1/s)	799.800	155	2.874	0.144	1	6.522	-2.540E+01
NOE	()	799.800	2	0.215	0.127	1	-0.160	2.960E+00
NOE	()	799.800	5	0.917	0.154	1	0.807	7.130E-01
NOE	()	799.800	6	0.825	0.151	1	0.844	-1.300E-01
NOE	()	799.800	8	0.859	0.206	1	0.862	-1.120E-02
NOE	()	799.800	9	0.897	0.273	1	0.862	1.280E-01
NOE	()	799.800	10	0.897	0.216	1	0.862	1.640E-01
NOE	()	799.800	11	0.738	0.213	1	0.730	3.720E-02
NOE	()	799.800	13	0.661	0.146	1	0.554	7.290E-01
NOE	()	799.800	14	0.835	0.101	1	0.693	1.400E+00
NOE	()	799.800	15	0.389	0.067	1	-0.037	6.380E+00
NOE	()	799.800	18	0.875	0.063	1	0.833	6.650E-01
NOE	()	799.800	20	0.872	0.062	1	0.862	1.690E-01
NOE	()	799.800	21	0.909	0.095	1	0.862	5.010E-01
NOE	()	799.800	22	0.883	0.180	1	0.862	1.170E-01
NOE	()	799.800	23	0.861	0.184	1	0.862	-4.230E-03
NOE	()	799.800	24	0.876	0.124	1	0.862	1.140E-01
NOE	()	799.800	25	0.818	0.170	1	0.858	-2.350E-01
NOE	()	799.800	26	0.921	0.122	1	0.862	4.880E-01
NOE	()	799.800	27	0.868	0.275	1	0.862	2.260E-02
NOE	()	799.800	28	0.830	0.095	1	0.796	3.580E-01
NOE	()	799.800	29	0.766	0.103	1	0.659	1.040E+00
NOE	()	799.800	30	0.736	0.085	1	0.733	2.650E-02
NOE	()	799.800	33	0.778	0.157	1	0.824	-2.920E-01
NOE	()	799.800	34	0.808	0.088	1	0.791	1.980E-01
NOE	()	799.800	35	0.906	0.141	1	0.823	5.890E-01
NOE	()	799.800	36	0.843	0.093	1	0.824	2.070E-01
NOE	()	799.800	37	0.897	0.174	1	0.842	3.140E-01
NOE	()	799.800	38	0.844	0.109	1	0.846	-1.860E-02
NOE	()	799.800	39	0.896	0.087	1	0.862	3.880E-01
NOE	()	799.800	41	0.848	0.067	1	0.862	-2.100E-01
NOE	()	799.800	42	0.844	0.073	1	0.828	2.100E-01
NOE	()	799.800	43	0.890	0.093	1	0.862	2.980E-01
NOE	()	799.800	44	0.788	0.224	1	0.862	-3.310E-01
NOE	()	799.800	45	0.692	0.212	1	0.863	-8.070E-01
NOE	()	799.800	46	0.832	0.111	1	0.862	-2.720E-01
NOE	()	799.800	47	0.870	0.181	1	0.862	4.160E-02
NOE	()	799.800	49	0.897	0.294	1	0.863	1.170E-01
NOE	()	799.800	50	0.976	0.315	1	0.862	3.610E-01
NOE	()	799.800	51	0.827	0.202	1	0.862	-1.740E-01
NOE	()	799.800	52	0.867	0.153	1	0.863	2.900E-02
NOE	()	799.800	55	0.881	0.307	1	0.862	6.110E-02
NOE	()	799.800	58	0.959	0.084	1	0.862	1.150E+00
NOE	()	799.800	59	0.967	0.134	1	0.863	7.770E-01
NOE	()	799.800	61	0.599	0.087	1	0.377	2.560E+00
NOE	()	799.800	65	0.881	0.131	1	0.841	3.090E-01
NOE	()	799.800	66	0.729	0.136	1	0.793	-4.780E-01
NOE	()	799.800	67	0.934	0.227	1	0.862	3.160E-01
NOE	()	799.800	68	0.880	0.247	1	0.800	3.240E-01
NOE	()	799.800	69	0.845	0.161	1	0.862	-1.060E-01
NOE	()	799.800	70	0.902	0.395	1	0.862	1.030E-01
NOE	()	799.800	71	0.790	0.392	1	0.778	3.020E-02
NOE	()	799.800	72	0.817	0.232	1	0.862	-1.940E-01
NOE	()	799.800	74	0.850	0.260	1	0.862	-4.700E-02
NOE	()	799.800	75	0.890	0.188	1	0.862	1.490E-01
NOE	()	799.800	77	1.005	0.192	1	0.862	7.460E-01
NOE	()	799.800	78	0.870	0.114	1	0.862	7.350E-02
NOE	()	799.800	79	0.885	0.105	1	0.862	2.240E-01
NOE	()	799.800	81	0.690	0.177	1	0.544	8.290E-01
NOE	()	799.800	82	0.847	0.123	1	0.862	-1.200E-01
NOE	()	799.800	83	0.787	0.179	1	0.862	-4.210E-01
NOE	()	799.800	84	0.823	0.168	1	0.663	9.550E-01
NOE	()	799.800	86	0.929	0.140	1	0.862	4.760E-01
NOE	()	799.800	87	0.826	0.091	1	0.783	4.780E-01
NOE	()	799.800	88	0.799	0.094	1	0.750	5.320E-01
NOE	()	799.800	89	0.820	0.052	1	0.684	2.600E+00
NOE	()	799.800	90	0.857	0.139	1	0.862	-3.690E-02
NOE	()	799.800	91	0.860	0.067	1	0.772	1.320E+00
NOE	()	799.800	92	0.746	0.054	1	0.620	2.330E+00
NOE	()	799.800	93	0.676	0.087	1	0.580	1.100E+00
NOE	()	799.800	94	0.660	0.051	1	0.560	1.950E+00
NOE	()	799.800	95	0.719	0.047	1	0.704	3.350E-01
NOE	()	799.800	96	0.617	0.043	1	0.407	4.890E+00
NOE	()	799.800	98	0.724	0.117	1	0.534	1.620E+00
NOE	()	799.800	99	0.830	0.138	1	0.705	9.060E-01
NOE	()	799.800	100	0.850	0.150	1	0.862	-8.330E-02
NOE	()	799.800	101	0.864	0.069	1	0.863	2.210E-02
NOE	()	799.800	102	0.896	0.056	1	0.862	5.930E-01
NOE	()	799.800	103	0.871	0.074	1	0.862	1.090E-01
NOE	()	799.800	104	0.739	0.167	1	0.532	1.240E+00
NOE	()	799.800	105	0.915	0.135	1	0.862	3.900E-01
NOE	()	799.800	106	0.821	0.112	1	0.862	-3.710E-01
NOE	()	799.800	107	0.909	0.229	1	0.863	2.010E-01
NOE	()	799.800	109	0.852	0.094	1	0.862	-1.060E-01
NOE	()	799.800	110	0.871	0.085	1	0.862	1.060E-01
NOE	()	799.800	111	0.835	0.133	1	0.863	-2.090E-01
NOE	()	799.800	112	0.862	0.119	1	0.842	1.660E-01
NOE	()	799.800	114	0.864	0.107	1	0.863	9.240E-03
NOE	()	799.800	115	0.655	0.131	1	0.758	-7.840E-01
NOE	()	799.800	116	0.922	0.104	1	0.792	1.250E+00
NOE	()	799.800	117	0.862	0.202	1	0.862	-1.630E-03
NOE	()	799.800	118	0.631	0.165	1	0.670	-2.360E-01
NOE	()	799.800	119	0.807	0.157	1	0.851	-2.790E-01
NOE	()	799.800	120	0.772	0.146	1	0.736	2.460E-01
NOE	()	799.800	121	0.781	0.158	1	0.733	3.060E-01
NOE	()	799.800	122	0.704	0.130	1	0.547	1.200E+00
NOE	()	799.800	123	0.263	0.064	1	-0.018	4.390E+00
NOE	()	799.800	125	0.701	0.073	1	0.687	1.930E-01
NOE	()	799.800	126	0.598	0.107	1	0.369	2.140E+00
NOE	()	799.800	127	0.687	0.175	1	0.696	-5.020E-02
NOE	()	799.800	129	0.948	0.253	1	0.862	3.390E-01
NOE	()	799.800	130	0.832	0.169	1	0.826	3.770E-02
NOE	()	799.800	131	0.946	0.156	1	0.862	5.360E-01
NOE	()	799.800	132	0.807	0.146	1	0.766	2.770E-01
NOE	()	799.800	133	0.919	0.209	1	0.862	2.730E-01
NOE	()	799.800	135	0.910	0.095	1	0.862	4.990E-01
NOE	()	799.800	136	0.874	0.157	1	0.862	7.830E-02
NOE	()	799.800	139	0.864	0.139	1	0.862	1.040E-02
NOE	()	799.800	141	0.895	0.150	1	0.862	2.220E-01
NOE	()	799.800	142	0.898	0.194	1	0.858	2.090E-01
NOE	()	799.800	143	0.817	0.074	1	0.809	1.160E-01
NOE	()	799.800	145	0.687	0.109	1	0.760	-6.690E-01
NOE	()	799.800	146	0.755	0.072	1	0.820	-8.990E-01
NOE	()	799.800	147	0.883	0.047	1	0.767	2.490E+00
NOE	()	799.800	148	0.801	0.083	1	0.803	-2.110E-02
NOE	()	799.800	149	0.811	0.053	1	0.682	2.430E+00
NOE	()	799.800	150	0.793	0.091	1	0.699	1.020E+00
NOE	()	799.800	151	0.855	0.061	1	0.775	1.310E+00
NOE	()	799.800	152	0.676	0.066	1	0.626	7.620E-01
NOE	()	799.800	153	0.533	0.027	1	0.466	2.480E+00
NOE	()	799.800	154	0.274	0.022	1	0.413	-6.420E+00
NOE	()	799.800	155	-0.468	0.025	1	-0.081	-1.540E+01
NxyNz	()	799.800	2	0.000	0.000	0	14.405	0.000E+00
NxyNz	()	799.800	5	0.000	0.000	0	17.020	0.000E+00
NxyNz	()	799.800	6	0.000	0.000	0	18.377	0.000E+00
NxyNz	()	799.800	8	0.000	0.000	0	16.790	0.000E+00
NxyNz	()	799.800	9	0.000	0.000	0	16.634	0.000E+00
NxyNz	()	799.800	10	0.000	0.000	0	16.734	0.000E+00
NxyNz	()	799.800	11	0.000	0.000	0	16.446	0.000E+00
NxyNz	()	799.800	13	0.000	0.000	0	15.946	0.000E+00
NxyNz	()	799.800	14	0.000	0.000	0	16.267	0.000E+00
NxyNz	()	799.800	15	0.000	0.000	0	15.388	0.000E+00
NxyNz	()	799.800	18	0.000	0.000	0	17.367	0.000E+00
NxyNz	()	799.800	20	0.000	0.000	0	16.564	0.000E+00
NxyNz	()	799.800	21	0.000	0.000	0	16.653	0.000E+00
NxyNz	()	799.800	22	0.000	0.000	0	17.094	0.000E+00
NxyNz	()	799.800	23	0.000	0.000	0	17.272	0.000E+00
NxyNz	()	799.800	24	0.000	0.000	0	16.925	0.000E+00
NxyNz	()	799.800	25	0.000	0.000	0	17.299	0.000E+00
NxyNz	()	799.800	26	0.000	0.000	0	16.882	0.000E+00
NxyNz	()	799.800	27	0.000	0.000	0	17.761	0.000E+00
NxyNz	()	799.800	28	0.000	0.000	0	16.479	0.000E+00
NxyNz	()	799.800	29	0.000	0.000	0	16.814	0.000E+00
NxyNz	()	799.800	30	0.000	0.000	0	14.186	0.000E+00
NxyNz	()	799.800	33	0.000	0.000	0	16.591	0.000E+00
NxyNz	()	799.800	34	0.000	0.000	0	17.054	0.000E+00
NxyNz	()	799.800	35	0.000	0.000	0	16.533	0.000E+00
NxyNz	()	799.800	36	0.000	0.000	0	16.632	0.000E+00
NxyNz	()	799.800	37	0.000	0.000	0	17.087	0.000E+00
NxyNz	()	799.800	38	0.000	0.000	0	16.864	0.000E+00
NxyNz	()	799.800	39	0.000	0.000	0	16.557	0.000E+00
NxyNz	()	799.800	41	0.000	0.000	0	17.170	0.000E+00
NxyNz	()	799.800	42	0.000	0.000	0	16.544	0.000E+00
NxyNz	()	799.800	43	0.000	0.000	0	17.288	0.000E+00
NxyNz	()	799.800	44	0.000	0.000	0	18.957	0.000E+00
NxyNz	()	799.800	45	0.000	0.000	0	20.004	0.000E+00
NxyNz	()	799.800	46	0.000	0.000	0	18.492	0.000E+00
NxyNz	()	799.800	47	0.000	0.000	0	18.327	0.000E+00
NxyNz	()	799.800	49	0.000	0.000	0	19.322	0.000E+00
NxyNz	()	799.800	50	0.000	0.000	0	18.282	0.000E+00
NxyNz	()	799.800	51	0.000	0.000	0	18.320	0.000E+00
NxyNz	()	799.800	52	0.000	0.000	0	19.624	0.000E+00
NxyNz	()	799.800	55	0.000	0.000	0	18.261	0.000E+00
NxyNz	()	799.800	58	0.000	0.000	0	16.789	0.000E+00
NxyNz	()	799.800	59	0.000	0.000	0	19.226	0.000E+00
NxyNz	()	799.800	61	0.000	0.000	0	15.534	0.000E+00
NxyNz	()	799.800	65	0.000	0.000	0	18.298	0.000E+00
NxyNz	()	799.800	66	0.000	0.000	0	15.944	0.000E+00
NxyNz	()	799.800	67	0.000	0.000	0	17.178	0.000E+00
NxyNz	()	799.800	68	0.000	0.000	0	17.438	0.000E+00
NxyNz	()	799.800	69	0.000	0.000	0	16.580	0.000E+00
NxyNz	()	799.800	70	0.000	0.000	0	16.658	0.000E+00
NxyNz	()	799.800	71	0.000	0.000	0	15.037	0.000E+00
NxyNz	()	799.800	72	0.000	0.000	0	16.767	0.000E+00
NxyNz	()	799.800	74	0.000	0.000	0	17.143	0.000E+00
NxyNz	()	799.800	75	0.000	0.000	0	16.671	0.000E+00
NxyNz	()	799.800	77	0.000	0.000	0	16.858	0.000E+00
NxyNz	()	799.800	78	0.000	0.000	0	16.901	0.000E+00
NxyNz	()	799.800	79	0.000	0.000	0	16.670	0.000E+00
NxyNz	()	799.800	81	0.000	0.000	0	18.199	0.000E+00
NxyNz	()	799.800	82	0.000	0.000	0	17.989	0.000E+00
NxyNz	()	799.800	83	0.000	0.000	0	16.889	0.000E+00
NxyNz	()	799.800	84	0.000	0.000	0	16.317	0.000E+00
NxyNz	()	799.800	86	0.000	0.000	0	17.950	0.000E+00
NxyNz	()	799.800	87	0.000	0.000	0	16.435	0.000E+00
NxyNz	()	799.800	88	0.000	0.000	0	17.900	0.000E+00
NxyNz	()	799.800	89	0.000	0.000	0	18.737	0.000E+00
NxyNz	()	799.800	90	0.000	0.000	0	17.061	0.000E+00
NxyNz	()	799.800	91	0.000	0.000	0	16.748	0.000E+00
NxyNz	()	799.800	92	0.000	0.000	0	16.654	0.000E+00
NxyNz	()	799.800	93	0.000	0.000	0	16.535	0.000E+00
NxyNz	()	799.800	94	0.000	0.000	0	17.326	0.000E+00
NxyNz	()	799.800	95	0.000	0.000	0	15.921	0.000E+00
NxyNz	()	799.800	96	0.000	0.000	0	15.521	0.000E+00
NxyNz	()	799.800	98	0.000	0.000	0	16.614	0.000E+00
NxyNz	()	799.800	99	0.000	0.000	0	16.367	0.000E+00
NxyNz	()	799.800	100	0.000	0.000	0	18.780	0.000E+00
NxyNz	()	799.800	101	0.000	0.000	0	20.401	0.000E+00
NxyNz	()	799.800	102	0.000	0.000	0	18.639	0.000E+00
NxyNz	()	799.800	103	0.000	0.000	0	18.997	0.000E+00
NxyNz	()	799.800	104	0.000	0.000	0	19.248	0.000E+00
NxyNz	()	799.800	105	0.000	0.000	0	18.810	0.000E+00
NxyNz	()	799.800	106	0.000	0.000	0	18.606	0.000E+00
NxyNz	()	799.800	107	0.000	0.000	0	19.613	0.000E+00
NxyNz	()	799.800	109	0.000	0.000	0	18.520	0.000E+00
NxyNz	()	799.800	110	0.000	0.000	0	18.448	0.000E+00
NxyNz	()	799.800	111	0.000	0.000	0	19.955	0.000E+00
NxyNz	()	799.800	112	0.000	0.000	0	18.056	0.000E+00
NxyNz	()	799.800	114	0.000	0.000	0	20.196	0.000E+00
NxyNz	()	799.800	115	0.000	0.000	0	19.387	0.000E+00
NxyNz	()	799.800	116	0.000	0.000	0	18.375	0.000E+00
NxyNz	()	799.800	117	0.000	0.000	0	17.575	0.000E+00
NxyNz	()	799.800	118	0.000	0.000	0	16.583	0.000E+00
NxyNz	()	799.800	119	0.000	0.000	0	16.526	0.000E+00
NxyNz	()	799.800	120	0.000	0.000	0	16.336	0.000E+00
NxyNz	()	799.800	121	0.000	0.000	0	16.407	0.000E+00
NxyNz	()	799.800	122	0.000	0.000	0	18.795	0.000E+00
NxyNz	()	799.800	123	0.000	0.000	0	17.740	0.000E+00
NxyNz	()	799.800	125	0.000	0.000	0	11.096	0.000E+00
NxyNz	()	799.800	126	0.000	0.000	0	16.291	0.000E+00
NxyNz	()	799.800	127	0.000	0.000	0	12.631	0.000E+00
NxyNz	()	799.800	129	0.000	0.000	0	16.936	0.000E+00
NxyNz	()	799.800	130	0.000	0.000	0	17.318	0.000E+00
NxyNz	()	799.800	131	0.000	0.000	0	18.821	0.000E+00
NxyNz	()	799.800	132	0.000	0.000	0	17.740	0.000E+00
NxyNz	()	799.800	133	0.000	0.000	0	17.115	0.000E+00
NxyNz	()	799.800	135	0.000	0.000	0	18.397	0.000E+00
NxyNz	()	799.800	136	0.000	0.000	0	17.395	0.000E+00
NxyNz	()	799.800	139	0.000	0.000	0	18.334	0.000E+00
NxyNz	()	799.800	141	0.000	0.000	0	17.296	0.000E+00
NxyNz	()	799.800	142	0.000	0.000	0	19.490	0.000E+00
NxyNz	()	799.800	143	0.000	0.000	0	16.578	0.000E+00
NxyNz	()	799.800	145	0.000	0.000	0	16.837	0.000E+00
NxyNz	()	799.800	146	0.000	0.000	0	16.480	0.000E+00
NxyNz	()	799.800	147	0.000	0.000	0	17.185	0.000E+00
NxyNz	()	799.800	148	0.000	0.000	0	17.458	0.000E+00
NxyNz	()	799.800	149	0.000	0.000	0	20.021	0.000E+00
NxyNz	()	799.800	150	0.000	0.000	0	20.202	0.000E+00
NxyNz	()	799.800	151	0.000	0.000	0	17.792	0.000E+00
NxyNz	()	799.800	152	0.000	0.000	0	12.911	0.000E+00
NxyNz	()	799.800	153	0.000	0.000	0	9.175	0.000E+00
NxyNz	()	799.800	154	0.000	0.000	0	6.119	0.000E+00
NxyNz	()	799.800	155	0.000	0.000	0	6.239	0.000E+00
