residue	model_free_name_1	Rex	S2f	S2s	Theta	te
2	S2s			1.0000		-0.0751
2	Theta			0.0000	1.0000	0.0000
2	te					1.0000
3	S2s			1.0000		
3	Theta			0.0000	1.0000	
4	S2s			1.0000		
4	Theta			0.0000	1.0000	
5	S2s			1.0000		
5	Theta			0.0000	1.0000	
6	S2s			1.0000		
6	Theta			0.0000	1.0000	
7	S2s			1.0000		-0.2247
7	Theta			0.0000	1.0000	0.0000
7	te					1.0000
8	S2s			1.0000		0.7316
8	Theta			0.0000	1.0000	0.0000
8	te					1.0000
9	S2s			1.0000		0.6925
9	Theta			0.0000	1.0000	0.0000
9	te					1.0000
10	S2s			1.0000		0.5564
10	Theta			0.0000	1.0000	0.0000
10	te					1.0000
11	S2s			1.0000		-0.2858
11	Theta			0.0000	1.0000	0.0000
11	te					1.0000
12	S2s			1.0000		0.6558
12	Theta			0.0000	1.0000	0.0000
12	te					1.0000
13	S2s			1.0000		
13	Theta			0.0000	1.0000	
14	S2s			1.0000		
14	Theta			0.0000	1.0000	
15	S2s			1.0000		0.3058
15	Theta			0.0000	1.0000	0.0000
15	te					1.0000
16	S2s			1.0000		
16	Theta			0.0000	1.0000	
17	S2s			1.0000		
17	Theta			0.0000	1.0000	
18	S2s			1.0000		
18	Theta			0.0000	1.0000	
20	S2s			1.0000		-0.3032
20	Theta			0.0000	1.0000	0.0000
20	te					1.0000
21	S2s			1.0000		
21	Theta			0.0000	1.0000	
22	S2f		1.0000	0.0261		-0.5242
22	S2s			1.0000		-0.6982
22	Theta		0.0000	0.0000	1.0000	0.0000
22	te					1.0000
23	Rex	1.0000				
23	S2s	-0.3824		1.0000		
23	Theta	0.0000		0.0000	1.0000	
25	Rex	1.0000				
25	S2s	-0.1515		1.0000		-0.2226
25	Theta	0.0000		0.0000	1.0000	0.0000
25	te	-0.0272				1.0000
26	S2s			1.0000		
26	Theta			0.0000	1.0000	
27	S2s			1.0000		
27	Theta			0.0000	1.0000	
28	S2s			1.0000		
28	Theta			0.0000	1.0000	
29	S2s			1.0000		
29	Theta			0.0000	1.0000	
30	S2s			1.0000		
30	Theta			0.0000	1.0000	
31	S2f		1.0000	0.6723		-0.8715
31	S2s			1.0000		-0.8812
31	Theta		0.0000	0.0000	1.0000	0.0000
31	te					1.0000
32	S2s			1.0000		
32	Theta			0.0000	1.0000	
33	S2s			1.0000		0.3009
33	Theta			0.0000	1.0000	0.0000
33	te					1.0000
34	S2s			1.0000		-0.1882
34	Theta			0.0000	1.0000	0.0000
34	te					1.0000
35	Rex	1.0000				
35	S2s	-0.7133		1.0000		
35	Theta	0.0000		0.0000	1.0000	
36	S2s			1.0000		
36	Theta			0.0000	1.0000	
39	S2s			1.0000		
39	Theta			0.0000	1.0000	
40	S2s			1.0000		0.9209
40	Theta			0.0000	1.0000	0.0000
40	te					1.0000
41	S2s			1.0000		
41	Theta			0.0000	1.0000	
42	S2s			1.0000		0.2564
42	Theta			0.0000	1.0000	0.0000
42	te					1.0000
43	S2s			1.0000		
43	Theta			0.0000	1.0000	
44	S2s			1.0000		-0.1096
44	Theta			0.0000	1.0000	0.0000
44	te					1.0000
45	S2s			1.0000		
45	Theta			0.0000	1.0000	
46	S2s			1.0000		-0.3437
46	Theta			0.0000	1.0000	0.0000
46	te					1.0000
47	S2s			1.0000		
47	Theta			0.0000	1.0000	
48	S2s			1.0000		
48	Theta			0.0000	1.0000	
49	S2s			1.0000		-0.1674
49	Theta			0.0000	1.0000	0.0000
49	te					1.0000
50	S2s			1.0000		-0.4612
50	Theta			0.0000	1.0000	0.0000
50	te					1.0000
51	S2s			1.0000		
51	Theta			0.0000	1.0000	
52	Rex	1.0000				
52	S2s	-0.5372		1.0000		0.0420
52	Theta	0.0000		0.0000	1.0000	0.0000
52	te	-0.0100				1.0000
54	S2s			1.0000		
54	Theta			0.0000	1.0000	
55	S2s			1.0000		
55	Theta			0.0000	1.0000	
57	S2s			1.0000		
57	Theta			0.0000	1.0000	
58	S2s			1.0000		
58	Theta			0.0000	1.0000	
59	S2s			1.0000		
59	Theta			0.0000	1.0000	
60	S2s			1.0000		-0.2373
60	Theta			0.0000	1.0000	0.0000
60	te					1.0000
61	S2s			1.0000		
61	Theta			0.0000	1.0000	
62	S2f		1.0000	-0.2861		-0.1449
62	S2s			1.0000		-0.7954
62	Theta		0.0000	0.0000	1.0000	0.0000
62	te					1.0000
63	S2s			1.0000		
63	Theta			0.0000	1.0000	
64	S2s			1.0000		
64	Theta			0.0000	1.0000	
65	S2s			1.0000		
65	Theta			0.0000	1.0000	
66	S2s			1.0000		
66	Theta			0.0000	1.0000	
67	S2s			1.0000		
67	Theta			0.0000	1.0000	
68	S2s			1.0000		
68	Theta			0.0000	1.0000	
69	S2s			1.0000		
69	Theta			0.0000	1.0000	
70	S2s			1.0000		
70	Theta			0.0000	1.0000	
71	S2s			1.0000		-0.0413
71	Theta			0.0000	1.0000	0.0000
71	te					1.0000
72	S2s			1.0000		
72	Theta			0.0000	1.0000	
