index	model_free_name	model_free_unit	residue	fit_value	fit_error	flag	sim_value	sim_error	sim_abs	geary-z
0	Theta	(degrees)	2	105.526	0.000	0	0.000	0.000	0.000	0.000
1	Theta	(degrees)	5	113.811	0.000	0	0.000	0.000	0.000	0.000
2	Theta	(degrees)	6	45.038	0.000	0	0.000	0.000	0.000	0.000
3	Theta	(degrees)	8	74.433	0.000	0	0.000	0.000	0.000	0.000
4	Theta	(degrees)	9	99.482	0.000	0	0.000	0.000	0.000	0.000
5	Theta	(degrees)	10	76.308	0.000	0	0.000	0.000	0.000	0.000
6	Theta	(degrees)	11	103.392	0.000	0	0.000	0.000	0.000	0.000
7	Theta	(degrees)	13	90.781	0.000	0	0.000	0.000	0.000	0.000
8	Theta	(degrees)	14	82.326	0.000	0	0.000	0.000	0.000	0.000
9	Theta	(degrees)	15	61.931	0.000	0	0.000	0.000	0.000	0.000
10	Theta	(degrees)	18	60.287	0.000	0	0.000	0.000	0.000	0.000
11	Theta	(degrees)	20	85.249	0.000	0	0.000	0.000	0.000	0.000
12	Theta	(degrees)	21	100.423	0.000	0	0.000	0.000	0.000	0.000
13	Theta	(degrees)	22	66.616	0.000	0	0.000	0.000	0.000	0.000
14	Theta	(degrees)	23	117.009	0.000	0	0.000	0.000	0.000	0.000
15	Theta	(degrees)	24	70.597	0.000	0	0.000	0.000	0.000	0.000
16	Theta	(degrees)	25	117.638	0.000	0	0.000	0.000	0.000	0.000
17	Theta	(degrees)	26	71.728	0.000	0	0.000	0.000	0.000	0.000
18	Theta	(degrees)	27	125.438	0.000	0	0.000	0.000	0.000	0.000
19	Theta	(degrees)	28	83.148	0.000	0	0.000	0.000	0.000	0.000
20	Theta	(degrees)	29	116.508	0.000	0	0.000	0.000	0.000	0.000
21	Theta	(degrees)	30	90.767	0.000	0	0.000	0.000	0.000	0.000
22	Theta	(degrees)	33	100.417	0.000	0	0.000	0.000	0.000	0.000
23	Theta	(degrees)	34	64.853	0.000	0	0.000	0.000	0.000	0.000
24	Theta	(degrees)	35	97.289	0.000	0	0.000	0.000	0.000	0.000
25	Theta	(degrees)	36	77.784	0.000	0	0.000	0.000	0.000	0.000
26	Theta	(degrees)	37	113.951	0.000	0	0.000	0.000	0.000	0.000
27	Theta	(degrees)	38	71.488	0.000	0	0.000	0.000	0.000	0.000
28	Theta	(degrees)	39	93.895	0.000	0	0.000	0.000	0.000	0.000
29	Theta	(degrees)	41	65.008	0.000	0	0.000	0.000	0.000	0.000
30	Theta	(degrees)	42	82.531	0.000	0	0.000	0.000	0.000	0.000
31	Theta	(degrees)	43	62.678	0.000	0	0.000	0.000	0.000	0.000
32	Theta	(degrees)	44	142.530	0.000	0	0.000	0.000	0.000	0.000
33	Theta	(degrees)	45	158.338	0.000	0	0.000	0.000	0.000	0.000
34	Theta	(degrees)	46	136.107	0.000	0	0.000	0.000	0.000	0.000
35	Theta	(degrees)	47	133.808	0.000	0	0.000	0.000	0.000	0.000
36	Theta	(degrees)	49	147.656	0.000	0	0.000	0.000	0.000	0.000
37	Theta	(degrees)	50	133.164	0.000	0	0.000	0.000	0.000	0.000
38	Theta	(degrees)	51	133.708	0.000	0	0.000	0.000	0.000	0.000
39	Theta	(degrees)	52	152.111	0.000	0	0.000	0.000	0.000	0.000
40	Theta	(degrees)	55	132.864	0.000	0	0.000	0.000	0.000	0.000
41	Theta	(degrees)	58	105.539	0.000	0	0.000	0.000	0.000	0.000
42	Theta	(degrees)	59	146.283	0.000	0	0.000	0.000	0.000	0.000
43	Theta	(degrees)	61	93.350	0.000	0	0.000	0.000	0.000	0.000
44	Theta	(degrees)	65	133.941	0.000	0	0.000	0.000	0.000	0.000
45	Theta	(degrees)	66	56.659	0.000	0	0.000	0.000	0.000	0.000
46	Theta	(degrees)	67	115.151	0.000	0	0.000	0.000	0.000	0.000
47	Theta	(degrees)	68	57.996	0.000	0	0.000	0.000	0.000	0.000
48	Theta	(degrees)	69	96.130	0.000	0	0.000	0.000	0.000	0.000
49	Theta	(degrees)	70	79.379	0.000	0	0.000	0.000	0.000	0.000
50	Theta	(degrees)	71	39.447	0.000	0	0.000	0.000	0.000	0.000
51	Theta	(degrees)	72	104.812	0.000	0	0.000	0.000	0.000	0.000
52	Theta	(degrees)	74	65.580	0.000	0	0.000	0.000	0.000	0.000
53	Theta	(degrees)	75	78.766	0.000	0	0.000	0.000	0.000	0.000
54	Theta	(degrees)	77	72.400	0.000	0	0.000	0.000	0.000	0.000
55	Theta	(degrees)	78	71.242	0.000	0	0.000	0.000	0.000	0.000
56	Theta	(degrees)	79	101.154	0.000	0	0.000	0.000	0.000	0.000
57	Theta	(degrees)	81	38.107	0.000	0	0.000	0.000	0.000	0.000
58	Theta	(degrees)	82	51.086	0.000	0	0.000	0.000	0.000	0.000
59	Theta	(degrees)	83	71.555	0.000	0	0.000	0.000	0.000	0.000
60	Theta	(degrees)	84	76.024	0.000	0	0.000	0.000	0.000	0.000
61	Theta	(degrees)	86	51.672	0.000	0	0.000	0.000	0.000	0.000
62	Theta	(degrees)	87	84.517	0.000	0	0.000	0.000	0.000	0.000
63	Theta	(degrees)	88	49.266	0.000	0	0.000	0.000	0.000	0.000
64	Theta	(degrees)	89	35.227	0.000	0	0.000	0.000	0.000	0.000
65	Theta	(degrees)	90	67.353	0.000	0	0.000	0.000	0.000	0.000
66	Theta	(degrees)	91	70.973	0.000	0	0.000	0.000	0.000	0.000
67	Theta	(degrees)	92	114.690	0.000	0	0.000	0.000	0.000	0.000
68	Theta	(degrees)	93	65.974	0.000	0	0.000	0.000	0.000	0.000
69	Theta	(degrees)	94	49.384	0.000	0	0.000	0.000	0.000	0.000
70	Theta	(degrees)	95	53.616	0.000	0	0.000	0.000	0.000	0.000
71	Theta	(degrees)	96	86.634	0.000	0	0.000	0.000	0.000	0.000
72	Theta	(degrees)	98	61.974	0.000	0	0.000	0.000	0.000	0.000
73	Theta	(degrees)	99	105.486	0.000	0	0.000	0.000	0.000	0.000
74	Theta	(degrees)	100	140.093	0.000	0	0.000	0.000	0.000	0.000
75	Theta	(degrees)	101	166.750	0.000	0	0.000	0.000	0.000	0.000
76	Theta	(degrees)	102	138.145	0.000	0	0.000	0.000	0.000	0.000
77	Theta	(degrees)	103	143.091	0.000	0	0.000	0.000	0.000	0.000
78	Theta	(degrees)	104	157.816	0.000	0	0.000	0.000	0.000	0.000
79	Theta	(degrees)	105	140.507	0.000	0	0.000	0.000	0.000	0.000
80	Theta	(degrees)	106	137.689	0.000	0	0.000	0.000	0.000	0.000
81	Theta	(degrees)	107	151.939	0.000	0	0.000	0.000	0.000	0.000
82	Theta	(degrees)	109	136.498	0.000	0	0.000	0.000	0.000	0.000
83	Theta	(degrees)	110	135.496	0.000	0	0.000	0.000	0.000	0.000
84	Theta	(degrees)	111	157.468	0.000	0	0.000	0.000	0.000	0.000
85	Theta	(degrees)	112	130.429	0.000	0	0.000	0.000	0.000	0.000
86	Theta	(degrees)	114	161.991	0.000	0	0.000	0.000	0.000	0.000
87	Theta	(degrees)	115	28.252	0.000	0	0.000	0.000	0.000	0.000
88	Theta	(degrees)	116	136.303	0.000	0	0.000	0.000	0.000	0.000
89	Theta	(degrees)	117	57.573	0.000	0	0.000	0.000	0.000	0.000
90	Theta	(degrees)	118	109.357	0.000	0	0.000	0.000	0.000	0.000
91	Theta	(degrees)	119	88.309	0.000	0	0.000	0.000	0.000	0.000
92	Theta	(degrees)	120	87.187	0.000	0	0.000	0.000	0.000	0.000
93	Theta	(degrees)	121	99.206	0.000	0	0.000	0.000	0.000	0.000
94	Theta	(degrees)	122	28.173	0.000	0	0.000	0.000	0.000	0.000
95	Theta	(degrees)	123	156.549	0.000	0	0.000	0.000	0.000	0.000
96	Theta	(degrees)	125	133.946	0.000	0	0.000	0.000	0.000	0.000
97	Theta	(degrees)	126	116.623	0.000	0	0.000	0.000	0.000	0.000
98	Theta	(degrees)	127	119.553	0.000	0	0.000	0.000	0.000	0.000
99	Theta	(degrees)	129	70.330	0.000	0	0.000	0.000	0.000	0.000
100	Theta	(degrees)	130	60.959	0.000	0	0.000	0.000	0.000	0.000
101	Theta	(degrees)	131	39.345	0.000	0	0.000	0.000	0.000	0.000
102	Theta	(degrees)	132	52.014	0.000	0	0.000	0.000	0.000	0.000
103	Theta	(degrees)	133	66.162	0.000	0	0.000	0.000	0.000	0.000
104	Theta	(degrees)	135	45.214	0.000	0	0.000	0.000	0.000	0.000
105	Theta	(degrees)	136	60.695	0.000	0	0.000	0.000	0.000	0.000
106	Theta	(degrees)	139	46.104	0.000	0	0.000	0.000	0.000	0.000
107	Theta	(degrees)	141	62.525	0.000	0	0.000	0.000	0.000	0.000
108	Theta	(degrees)	142	29.753	0.000	0	0.000	0.000	0.000	0.000
109	Theta	(degrees)	143	79.000	0.000	0	0.000	0.000	0.000	0.000
110	Theta	(degrees)	145	68.444	0.000	0	0.000	0.000	0.000	0.000
111	Theta	(degrees)	146	87.356	0.000	0	0.000	0.000	0.000	0.000
112	Theta	(degrees)	147	61.496	0.000	0	0.000	0.000	0.000	0.000
113	Theta	(degrees)	148	122.208	0.000	0	0.000	0.000	0.000	0.000
114	Theta	(degrees)	149	12.911	0.000	0	0.000	0.000	0.000	0.000
115	Theta	(degrees)	150	6.958	0.000	0	0.000	0.000	0.000	0.000
116	Theta	(degrees)	151	51.518	0.000	0	0.000	0.000	0.000	0.000
117	Theta	(degrees)	152	64.709	0.000	0	0.000	0.000	0.000	0.000
118	Theta	(degrees)	153	105.217	0.000	0	0.000	0.000	0.000	0.000
119	Theta	(degrees)	154	67.019	0.000	0	0.000	0.000	0.000	0.000
120	Theta	(degrees)	155	110.328	0.000	0	0.000	0.000	0.000	0.000
121	S2	()	2	0.601	0.008	1	0.000	0.000	0.000	0.000
122	S2	()	5	0.931	0.009	1	0.000	0.000	0.000	0.000
123	S2	()	6	0.943	0.012	1	0.000	0.000	0.000	0.000
124	S2	()	8	1.000	0.012	1	0.000	0.000	0.000	0.000
125	S2	()	9	1.000	0.012	1	0.000	0.000	0.000	0.000
126	S2	()	10	1.000	0.012	1	0.000	0.000	0.000	0.000
127	S2	()	11	0.944	0.009	1	0.000	0.000	0.000	0.000
128	S2	()	13	0.845	0.007	1	0.000	0.000	0.000	0.000
129	S2	()	14	0.920	0.007	1	0.000	0.000	0.000	0.000
130	S2	()	15	0.584	0.003	1	0.000	0.000	0.000	0.000
131	S2	()	18	0.934	0.005	1	0.000	0.000	0.000	0.000
132	S2	()	20	1.000	0.005	1	0.000	0.000	0.000	0.000
133	S2	()	21	1.000	0.005	1	0.000	0.000	0.000	0.000
134	S2	()	22	1.000	0.005	1	0.000	0.000	0.000	0.000
135	S2	()	23	1.000	0.005	1	0.000	0.000	0.000	0.000
136	S2	()	24	1.000	0.005	1	0.000	0.000	0.000	0.000
137	S2	()	25	0.925	0.009	1	0.000	0.000	0.000	0.000
138	S2	()	26	1.000	0.009	1	0.000	0.000	0.000	0.000
139	S2	()	27	1.000	0.009	1	0.000	0.000	0.000	0.000
140	S2	()	28	0.922	0.006	1	0.000	0.000	0.000	0.000
141	S2	()	29	0.910	0.005	1	0.000	0.000	0.000	0.000
142	S2	()	30	0.899	0.005	1	0.000	0.000	0.000	0.000
143	S2	()	33	0.899	0.007	1	0.000	0.000	0.000	0.000
144	S2	()	34	0.908	0.006	1	0.000	0.000	0.000	0.000
145	S2	()	35	0.912	0.007	1	0.000	0.000	0.000	0.000
146	S2	()	36	0.927	0.005	1	0.000	0.000	0.000	0.000
147	S2	()	37	0.911	0.008	1	0.000	0.000	0.000	0.000
148	S2	()	38	0.894	0.008	1	0.000	0.000	0.000	0.000
149	S2	()	39	0.935	0.005	1	0.000	0.000	0.000	0.000
150	S2	()	41	1.000	0.005	1	0.000	0.000	0.000	0.000
151	S2	()	42	0.942	0.007	1	0.000	0.000	0.000	0.000
152	S2	()	43	1.000	0.007	1	0.000	0.000	0.000	0.000
153	S2	()	44	1.000	0.007	1	0.000	0.000	0.000	0.000
154	S2	()	45	1.000	0.007	1	0.000	0.000	0.000	0.000
155	S2	()	46	1.000	0.007	1	0.000	0.000	0.000	0.000
156	S2	()	47	1.000	0.007	1	0.000	0.000	0.000	0.000
157	S2	()	49	1.000	0.007	1	0.000	0.000	0.000	0.000
158	S2	()	50	1.000	0.007	1	0.000	0.000	0.000	0.000
159	S2	()	51	1.000	0.007	1	0.000	0.000	0.000	0.000
160	S2	()	52	0.944	0.013	1	0.000	0.000	0.000	0.000
161	S2	()	55	1.000	0.013	1	0.000	0.000	0.000	0.000
162	S2	()	58	1.000	0.013	1	0.000	0.000	0.000	0.000
163	S2	()	59	0.939	0.007	1	0.000	0.000	0.000	0.000
164	S2	()	61	0.789	0.003	1	0.000	0.000	0.000	0.000
165	S2	()	65	0.922	0.006	1	0.000	0.000	0.000	0.000
166	S2	()	66	0.941	0.007	1	0.000	0.000	0.000	0.000
167	S2	()	67	1.000	0.007	1	0.000	0.000	0.000	0.000
168	S2	()	68	0.938	0.010	1	0.000	0.000	0.000	0.000
169	S2	()	69	1.000	0.010	1	0.000	0.000	0.000	0.000
170	S2	()	70	1.000	0.010	1	0.000	0.000	0.000	0.000
171	S2	()	71	0.891	0.012	1	0.000	0.000	0.000	0.000
172	S2	()	72	1.000	0.012	1	0.000	0.000	0.000	0.000
173	S2	()	74	1.000	0.012	1	0.000	0.000	0.000	0.000
174	S2	()	75	1.000	0.012	1	0.000	0.000	0.000	0.000
175	S2	()	77	1.000	0.012	1	0.000	0.000	0.000	0.000
176	S2	()	78	1.000	0.012	1	0.000	0.000	0.000	0.000
177	S2	()	79	1.000	0.012	1	0.000	0.000	0.000	0.000
178	S2	()	81	0.847	0.010	1	0.000	0.000	0.000	0.000
179	S2	()	82	1.000	0.010	1	0.000	0.000	0.000	0.000
180	S2	()	83	1.000	0.010	1	0.000	0.000	0.000	0.000
181	S2	()	84	0.915	0.008	1	0.000	0.000	0.000	0.000
182	S2	()	86	1.000	0.008	1	0.000	0.000	0.000	0.000
183	S2	()	87	0.939	0.006	1	0.000	0.000	0.000	0.000
184	S2	()	88	0.901	0.006	1	0.000	0.000	0.000	0.000
185	S2	()	89	0.899	0.004	1	0.000	0.000	0.000	0.000
186	S2	()	90	1.000	0.004	1	0.000	0.000	0.000	0.000
187	S2	()	91	0.940	0.006	1	0.000	0.000	0.000	0.000
188	S2	()	92	0.888	0.004	1	0.000	0.000	0.000	0.000
189	S2	()	93	0.871	0.008	1	0.000	0.000	0.000	0.000
190	S2	()	94	0.887	0.004	1	0.000	0.000	0.000	0.000
191	S2	()	95	0.912	0.003	1	0.000	0.000	0.000	0.000
192	S2	()	96	0.819	0.003	1	0.000	0.000	0.000	0.000
193	S2	()	98	0.857	0.005	1	0.000	0.000	0.000	0.000
194	S2	()	99	0.942	0.006	1	0.000	0.000	0.000	0.000
195	S2	()	100	1.000	0.006	1	0.000	0.000	0.000	0.000
196	S2	()	101	1.000	0.006	1	0.000	0.000	0.000	0.000
197	S2	()	102	1.000	0.006	1	0.000	0.000	0.000	0.000
198	S2	()	103	0.923	0.006	1	0.000	0.000	0.000	0.000
199	S2	()	104	0.783	0.021	1	0.000	0.000	0.000	0.000
200	S2	()	105	1.000	0.021	1	0.000	0.000	0.000	0.000
201	S2	()	106	1.000	0.021	1	0.000	0.000	0.000	0.000
202	S2	()	107	1.000	0.021	1	0.000	0.000	0.000	0.000
203	S2	()	109	1.000	0.021	1	0.000	0.000	0.000	0.000
204	S2	()	110	0.943	0.006	1	0.000	0.000	0.000	0.000
205	S2	()	111	1.000	0.006	1	0.000	0.000	0.000	0.000
206	S2	()	112	0.915	0.005	1	0.000	0.000	0.000	0.000
207	S2	()	114	1.000	0.005	1	0.000	0.000	0.000	0.000
208	S2	()	115	0.908	0.007	1	0.000	0.000	0.000	0.000
209	S2	()	116	0.858	0.005	1	0.000	0.000	0.000	0.000
210	S2	()	117	0.931	0.009	1	0.000	0.000	0.000	0.000
211	S2	()	118	0.836	0.011	1	0.000	0.000	0.000	0.000
212	S2	()	119	0.937	0.007	1	0.000	0.000	0.000	0.000
213	S2	()	120	0.867	0.006	1	0.000	0.000	0.000	0.000
214	S2	()	121	0.875	0.008	1	0.000	0.000	0.000	0.000
215	S2	()	122	0.877	0.007	1	0.000	0.000	0.000	0.000
216	S2	()	123	0.587	0.005	1	0.000	0.000	0.000	0.000
217	S2	()	125	0.747	0.009	1	0.000	0.000	0.000	0.000
218	S2	()	126	0.704	0.005	1	0.000	0.000	0.000	0.000
219	S2	()	127	0.822	0.007	1	0.000	0.000	0.000	0.000
220	S2	()	129	1.000	0.007	1	0.000	0.000	0.000	0.000
221	S2	()	130	0.940	0.010	1	0.000	0.000	0.000	0.000
222	S2	()	131	1.000	0.010	1	0.000	0.000	0.000	0.000
223	S2	()	132	0.941	0.008	1	0.000	0.000	0.000	0.000
224	S2	()	133	1.000	0.008	1	0.000	0.000	0.000	0.000
225	S2	()	135	1.000	0.008	1	0.000	0.000	0.000	0.000
226	S2	()	136	1.000	0.008	1	0.000	0.000	0.000	0.000
227	S2	()	139	1.000	0.008	1	0.000	0.000	0.000	0.000
228	S2	()	141	1.000	0.008	1	0.000	0.000	0.000	0.000
229	S2	()	142	0.904	0.010	1	0.000	0.000	0.000	0.000
230	S2	()	143	0.856	0.006	1	0.000	0.000	0.000	0.000
231	S2	()	145	0.857	0.006	1	0.000	0.000	0.000	0.000
232	S2	()	146	0.923	0.008	1	0.000	0.000	0.000	0.000
233	S2	()	147	0.866	0.004	1	0.000	0.000	0.000	0.000
234	S2	()	148	0.903	0.006	1	0.000	0.000	0.000	0.000
235	S2	()	149	0.866	0.004	1	0.000	0.000	0.000	0.000
236	S2	()	150	0.917	0.007	1	0.000	0.000	0.000	0.000
237	S2	()	151	0.941	0.004	1	0.000	0.000	0.000	0.000
238	S2	()	152	0.815	0.003	1	0.000	0.000	0.000	0.000
239	S2	()	153	0.630	0.002	1	0.000	0.000	0.000	0.000
240	S2	()	154	0.443	0.004	1	0.000	0.000	0.000	0.000
241	S2	()	155	0.367	0.003	1	0.000	0.000	0.000	0.000
242	S2f	()	2	1.000	0.000	0	0.000	0.000	0.000	0.000
243	S2f	()	5	1.000	0.000	0	0.000	0.000	0.000	0.000
244	S2f	()	6	1.000	0.000	0	0.000	0.000	0.000	0.000
245	S2f	()	8	1.000	0.000	0	0.000	0.000	0.000	0.000
246	S2f	()	9	1.000	0.000	0	0.000	0.000	0.000	0.000
247	S2f	()	10	1.000	0.000	0	0.000	0.000	0.000	0.000
248	S2f	()	11	1.000	0.000	0	0.000	0.000	0.000	0.000
249	S2f	()	13	1.000	0.000	0	0.000	0.000	0.000	0.000
250	S2f	()	14	1.000	0.000	0	0.000	0.000	0.000	0.000
251	S2f	()	15	1.000	0.000	0	0.000	0.000	0.000	0.000
252	S2f	()	18	1.000	0.000	0	0.000	0.000	0.000	0.000
253	S2f	()	20	1.000	0.000	0	0.000	0.000	0.000	0.000
254	S2f	()	21	1.000	0.000	0	0.000	0.000	0.000	0.000
255	S2f	()	22	1.000	0.000	0	0.000	0.000	0.000	0.000
256	S2f	()	23	1.000	0.000	0	0.000	0.000	0.000	0.000
257	S2f	()	24	1.000	0.000	0	0.000	0.000	0.000	0.000
258	S2f	()	25	1.000	0.000	0	0.000	0.000	0.000	0.000
259	S2f	()	26	1.000	0.000	0	0.000	0.000	0.000	0.000
260	S2f	()	27	1.000	0.000	0	0.000	0.000	0.000	0.000
261	S2f	()	28	1.000	0.000	0	0.000	0.000	0.000	0.000
262	S2f	()	29	1.000	0.000	0	0.000	0.000	0.000	0.000
263	S2f	()	30	1.000	0.000	0	0.000	0.000	0.000	0.000
264	S2f	()	33	1.000	0.000	0	0.000	0.000	0.000	0.000
265	S2f	()	34	1.000	0.000	0	0.000	0.000	0.000	0.000
266	S2f	()	35	1.000	0.000	0	0.000	0.000	0.000	0.000
267	S2f	()	36	1.000	0.000	0	0.000	0.000	0.000	0.000
268	S2f	()	37	1.000	0.000	0	0.000	0.000	0.000	0.000
269	S2f	()	38	1.000	0.000	0	0.000	0.000	0.000	0.000
270	S2f	()	39	1.000	0.000	0	0.000	0.000	0.000	0.000
271	S2f	()	41	1.000	0.000	0	0.000	0.000	0.000	0.000
272	S2f	()	42	1.000	0.000	0	0.000	0.000	0.000	0.000
273	S2f	()	43	1.000	0.000	0	0.000	0.000	0.000	0.000
274	S2f	()	44	1.000	0.000	0	0.000	0.000	0.000	0.000
275	S2f	()	45	1.000	0.000	0	0.000	0.000	0.000	0.000
276	S2f	()	46	1.000	0.000	0	0.000	0.000	0.000	0.000
277	S2f	()	47	1.000	0.000	0	0.000	0.000	0.000	0.000
278	S2f	()	49	1.000	0.000	0	0.000	0.000	0.000	0.000
279	S2f	()	50	1.000	0.000	0	0.000	0.000	0.000	0.000
280	S2f	()	51	1.000	0.000	0	0.000	0.000	0.000	0.000
281	S2f	()	52	1.000	0.000	0	0.000	0.000	0.000	0.000
282	S2f	()	55	1.000	0.000	0	0.000	0.000	0.000	0.000
283	S2f	()	58	1.000	0.000	0	0.000	0.000	0.000	0.000
284	S2f	()	59	1.000	0.000	0	0.000	0.000	0.000	0.000
285	S2f	()	61	1.000	0.000	0	0.000	0.000	0.000	0.000
286	S2f	()	65	1.000	0.000	0	0.000	0.000	0.000	0.000
287	S2f	()	66	1.000	0.000	0	0.000	0.000	0.000	0.000
288	S2f	()	67	1.000	0.000	0	0.000	0.000	0.000	0.000
289	S2f	()	68	1.000	0.000	0	0.000	0.000	0.000	0.000
290	S2f	()	69	1.000	0.000	0	0.000	0.000	0.000	0.000
291	S2f	()	70	1.000	0.000	0	0.000	0.000	0.000	0.000
292	S2f	()	71	1.000	0.000	0	0.000	0.000	0.000	0.000
293	S2f	()	72	1.000	0.000	0	0.000	0.000	0.000	0.000
294	S2f	()	74	1.000	0.000	0	0.000	0.000	0.000	0.000
295	S2f	()	75	1.000	0.000	0	0.000	0.000	0.000	0.000
296	S2f	()	77	1.000	0.000	0	0.000	0.000	0.000	0.000
297	S2f	()	78	1.000	0.000	0	0.000	0.000	0.000	0.000
298	S2f	()	79	1.000	0.000	0	0.000	0.000	0.000	0.000
299	S2f	()	81	1.000	0.000	0	0.000	0.000	0.000	0.000
300	S2f	()	82	1.000	0.000	0	0.000	0.000	0.000	0.000
301	S2f	()	83	1.000	0.000	0	0.000	0.000	0.000	0.000
302	S2f	()	84	1.000	0.000	0	0.000	0.000	0.000	0.000
303	S2f	()	86	1.000	0.000	0	0.000	0.000	0.000	0.000
304	S2f	()	87	1.000	0.000	0	0.000	0.000	0.000	0.000
305	S2f	()	88	1.000	0.000	0	0.000	0.000	0.000	0.000
306	S2f	()	89	1.000	0.000	0	0.000	0.000	0.000	0.000
307	S2f	()	90	1.000	0.000	0	0.000	0.000	0.000	0.000
308	S2f	()	91	1.000	0.000	0	0.000	0.000	0.000	0.000
309	S2f	()	92	1.000	0.000	0	0.000	0.000	0.000	0.000
310	S2f	()	93	1.000	0.000	0	0.000	0.000	0.000	0.000
311	S2f	()	94	1.000	0.000	0	0.000	0.000	0.000	0.000
312	S2f	()	95	1.000	0.000	0	0.000	0.000	0.000	0.000
313	S2f	()	96	1.000	0.000	0	0.000	0.000	0.000	0.000
314	S2f	()	98	1.000	0.000	0	0.000	0.000	0.000	0.000
315	S2f	()	99	1.000	0.000	0	0.000	0.000	0.000	0.000
316	S2f	()	100	1.000	0.000	0	0.000	0.000	0.000	0.000
317	S2f	()	101	1.000	0.000	0	0.000	0.000	0.000	0.000
318	S2f	()	102	1.000	0.000	0	0.000	0.000	0.000	0.000
319	S2f	()	103	1.000	0.000	0	0.000	0.000	0.000	0.000
320	S2f	()	104	1.000	0.000	0	0.000	0.000	0.000	0.000
321	S2f	()	105	1.000	0.000	0	0.000	0.000	0.000	0.000
322	S2f	()	106	1.000	0.000	0	0.000	0.000	0.000	0.000
323	S2f	()	107	1.000	0.000	0	0.000	0.000	0.000	0.000
324	S2f	()	109	1.000	0.000	0	0.000	0.000	0.000	0.000
325	S2f	()	110	1.000	0.000	0	0.000	0.000	0.000	0.000
326	S2f	()	111	1.000	0.000	0	0.000	0.000	0.000	0.000
327	S2f	()	112	1.000	0.000	0	0.000	0.000	0.000	0.000
328	S2f	()	114	1.000	0.000	0	0.000	0.000	0.000	0.000
329	S2f	()	115	1.000	0.000	0	0.000	0.000	0.000	0.000
330	S2f	()	116	1.000	0.000	0	0.000	0.000	0.000	0.000
331	S2f	()	117	1.000	0.000	0	0.000	0.000	0.000	0.000
332	S2f	()	118	1.000	0.000	0	0.000	0.000	0.000	0.000
333	S2f	()	119	1.000	0.000	0	0.000	0.000	0.000	0.000
334	S2f	()	120	1.000	0.000	0	0.000	0.000	0.000	0.000
335	S2f	()	121	1.000	0.000	0	0.000	0.000	0.000	0.000
336	S2f	()	122	1.000	0.000	0	0.000	0.000	0.000	0.000
337	S2f	()	123	1.000	0.000	0	0.000	0.000	0.000	0.000
338	S2f	()	125	1.000	0.000	0	0.000	0.000	0.000	0.000
339	S2f	()	126	1.000	0.000	0	0.000	0.000	0.000	0.000
340	S2f	()	127	1.000	0.000	0	0.000	0.000	0.000	0.000
341	S2f	()	129	1.000	0.000	0	0.000	0.000	0.000	0.000
342	S2f	()	130	1.000	0.000	0	0.000	0.000	0.000	0.000
343	S2f	()	131	1.000	0.000	0	0.000	0.000	0.000	0.000
344	S2f	()	132	1.000	0.000	0	0.000	0.000	0.000	0.000
345	S2f	()	133	1.000	0.000	0	0.000	0.000	0.000	0.000
346	S2f	()	135	1.000	0.000	0	0.000	0.000	0.000	0.000
347	S2f	()	136	1.000	0.000	0	0.000	0.000	0.000	0.000
348	S2f	()	139	1.000	0.000	0	0.000	0.000	0.000	0.000
349	S2f	()	141	1.000	0.000	0	0.000	0.000	0.000	0.000
350	S2f	()	142	1.000	0.000	0	0.000	0.000	0.000	0.000
351	S2f	()	143	1.000	0.000	0	0.000	0.000	0.000	0.000
352	S2f	()	145	1.000	0.000	0	0.000	0.000	0.000	0.000
353	S2f	()	146	1.000	0.000	0	0.000	0.000	0.000	0.000
354	S2f	()	147	1.000	0.000	0	0.000	0.000	0.000	0.000
355	S2f	()	148	1.000	0.000	0	0.000	0.000	0.000	0.000
356	S2f	()	149	1.000	0.000	0	0.000	0.000	0.000	0.000
357	S2f	()	150	1.000	0.000	0	0.000	0.000	0.000	0.000
358	S2f	()	151	1.000	0.000	0	0.000	0.000	0.000	0.000
359	S2f	()	152	1.000	0.000	0	0.000	0.000	0.000	0.000
360	S2f	()	153	1.000	0.000	0	0.000	0.000	0.000	0.000
361	S2f	()	154	1.000	0.000	0	0.000	0.000	0.000	0.000
362	S2f	()	155	1.000	0.000	0	0.000	0.000	0.000	0.000
363	S2s	()	2	0.601	0.008	1	0.000	0.000	0.000	0.000
364	S2s	()	5	0.931	0.009	1	0.000	0.000	0.000	0.000
365	S2s	()	6	0.943	0.012	1	0.000	0.000	0.000	0.000
366	S2s	()	8	1.000	0.012	1	0.000	0.000	0.000	0.000
367	S2s	()	9	1.000	0.012	1	0.000	0.000	0.000	0.000
368	S2s	()	10	1.000	0.012	1	0.000	0.000	0.000	0.000
369	S2s	()	11	0.944	0.009	1	0.000	0.000	0.000	0.000
370	S2s	()	13	0.845	0.007	1	0.000	0.000	0.000	0.000
371	S2s	()	14	0.920	0.007	1	0.000	0.000	0.000	0.000
372	S2s	()	15	0.584	0.003	1	0.000	0.000	0.000	0.000
373	S2s	()	18	0.934	0.005	1	0.000	0.000	0.000	0.000
374	S2s	()	20	1.000	0.005	1	0.000	0.000	0.000	0.000
375	S2s	()	21	1.000	0.005	1	0.000	0.000	0.000	0.000
376	S2s	()	22	1.000	0.005	1	0.000	0.000	0.000	0.000
377	S2s	()	23	1.000	0.005	1	0.000	0.000	0.000	0.000
378	S2s	()	24	1.000	0.005	1	0.000	0.000	0.000	0.000
379	S2s	()	25	0.925	0.009	1	0.000	0.000	0.000	0.000
380	S2s	()	26	1.000	0.009	1	0.000	0.000	0.000	0.000
381	S2s	()	27	1.000	0.009	1	0.000	0.000	0.000	0.000
382	S2s	()	28	0.922	0.006	1	0.000	0.000	0.000	0.000
383	S2s	()	29	0.910	0.005	1	0.000	0.000	0.000	0.000
384	S2s	()	30	0.899	0.005	1	0.000	0.000	0.000	0.000
385	S2s	()	33	0.899	0.007	1	0.000	0.000	0.000	0.000
386	S2s	()	34	0.908	0.006	1	0.000	0.000	0.000	0.000
387	S2s	()	35	0.912	0.007	1	0.000	0.000	0.000	0.000
388	S2s	()	36	0.927	0.005	1	0.000	0.000	0.000	0.000
389	S2s	()	37	0.911	0.008	1	0.000	0.000	0.000	0.000
390	S2s	()	38	0.894	0.008	1	0.000	0.000	0.000	0.000
391	S2s	()	39	0.935	0.005	1	0.000	0.000	0.000	0.000
392	S2s	()	41	1.000	0.005	1	0.000	0.000	0.000	0.000
393	S2s	()	42	0.942	0.007	1	0.000	0.000	0.000	0.000
394	S2s	()	43	1.000	0.007	1	0.000	0.000	0.000	0.000
395	S2s	()	44	1.000	0.007	1	0.000	0.000	0.000	0.000
396	S2s	()	45	1.000	0.007	1	0.000	0.000	0.000	0.000
397	S2s	()	46	1.000	0.007	1	0.000	0.000	0.000	0.000
398	S2s	()	47	1.000	0.007	1	0.000	0.000	0.000	0.000
399	S2s	()	49	1.000	0.007	1	0.000	0.000	0.000	0.000
400	S2s	()	50	1.000	0.007	1	0.000	0.000	0.000	0.000
401	S2s	()	51	1.000	0.007	1	0.000	0.000	0.000	0.000
402	S2s	()	52	0.944	0.013	1	0.000	0.000	0.000	0.000
403	S2s	()	55	1.000	0.013	1	0.000	0.000	0.000	0.000
404	S2s	()	58	1.000	0.013	1	0.000	0.000	0.000	0.000
405	S2s	()	59	0.939	0.007	1	0.000	0.000	0.000	0.000
406	S2s	()	61	0.789	0.003	1	0.000	0.000	0.000	0.000
407	S2s	()	65	0.922	0.006	1	0.000	0.000	0.000	0.000
408	S2s	()	66	0.941	0.007	1	0.000	0.000	0.000	0.000
409	S2s	()	67	1.000	0.007	1	0.000	0.000	0.000	0.000
410	S2s	()	68	0.938	0.010	1	0.000	0.000	0.000	0.000
411	S2s	()	69	1.000	0.010	1	0.000	0.000	0.000	0.000
412	S2s	()	70	1.000	0.010	1	0.000	0.000	0.000	0.000
413	S2s	()	71	0.891	0.012	1	0.000	0.000	0.000	0.000
414	S2s	()	72	1.000	0.012	1	0.000	0.000	0.000	0.000
415	S2s	()	74	1.000	0.012	1	0.000	0.000	0.000	0.000
416	S2s	()	75	1.000	0.012	1	0.000	0.000	0.000	0.000
417	S2s	()	77	1.000	0.012	1	0.000	0.000	0.000	0.000
418	S2s	()	78	1.000	0.012	1	0.000	0.000	0.000	0.000
419	S2s	()	79	1.000	0.012	1	0.000	0.000	0.000	0.000
420	S2s	()	81	0.847	0.010	1	0.000	0.000	0.000	0.000
421	S2s	()	82	1.000	0.010	1	0.000	0.000	0.000	0.000
422	S2s	()	83	1.000	0.010	1	0.000	0.000	0.000	0.000
423	S2s	()	84	0.915	0.008	1	0.000	0.000	0.000	0.000
424	S2s	()	86	1.000	0.008	1	0.000	0.000	0.000	0.000
425	S2s	()	87	0.939	0.006	1	0.000	0.000	0.000	0.000
426	S2s	()	88	0.901	0.006	1	0.000	0.000	0.000	0.000
427	S2s	()	89	0.899	0.004	1	0.000	0.000	0.000	0.000
428	S2s	()	90	1.000	0.004	1	0.000	0.000	0.000	0.000
429	S2s	()	91	0.940	0.006	1	0.000	0.000	0.000	0.000
430	S2s	()	92	0.888	0.004	1	0.000	0.000	0.000	0.000
431	S2s	()	93	0.871	0.008	1	0.000	0.000	0.000	0.000
432	S2s	()	94	0.887	0.004	1	0.000	0.000	0.000	0.000
433	S2s	()	95	0.912	0.003	1	0.000	0.000	0.000	0.000
434	S2s	()	96	0.819	0.003	1	0.000	0.000	0.000	0.000
435	S2s	()	98	0.857	0.005	1	0.000	0.000	0.000	0.000
436	S2s	()	99	0.942	0.006	1	0.000	0.000	0.000	0.000
437	S2s	()	100	1.000	0.006	1	0.000	0.000	0.000	0.000
438	S2s	()	101	1.000	0.006	1	0.000	0.000	0.000	0.000
439	S2s	()	102	1.000	0.006	1	0.000	0.000	0.000	0.000
440	S2s	()	103	0.923	0.006	1	0.000	0.000	0.000	0.000
441	S2s	()	104	0.783	0.021	1	0.000	0.000	0.000	0.000
442	S2s	()	105	1.000	0.021	1	0.000	0.000	0.000	0.000
443	S2s	()	106	1.000	0.021	1	0.000	0.000	0.000	0.000
444	S2s	()	107	1.000	0.021	1	0.000	0.000	0.000	0.000
445	S2s	()	109	1.000	0.021	1	0.000	0.000	0.000	0.000
446	S2s	()	110	0.943	0.006	1	0.000	0.000	0.000	0.000
447	S2s	()	111	1.000	0.006	1	0.000	0.000	0.000	0.000
448	S2s	()	112	0.915	0.005	1	0.000	0.000	0.000	0.000
449	S2s	()	114	1.000	0.005	1	0.000	0.000	0.000	0.000
450	S2s	()	115	0.908	0.007	1	0.000	0.000	0.000	0.000
451	S2s	()	116	0.858	0.005	1	0.000	0.000	0.000	0.000
452	S2s	()	117	0.931	0.009	1	0.000	0.000	0.000	0.000
453	S2s	()	118	0.836	0.011	1	0.000	0.000	0.000	0.000
454	S2s	()	119	0.937	0.007	1	0.000	0.000	0.000	0.000
455	S2s	()	120	0.867	0.006	1	0.000	0.000	0.000	0.000
456	S2s	()	121	0.875	0.008	1	0.000	0.000	0.000	0.000
457	S2s	()	122	0.877	0.007	1	0.000	0.000	0.000	0.000
458	S2s	()	123	0.587	0.005	1	0.000	0.000	0.000	0.000
459	S2s	()	125	0.747	0.009	1	0.000	0.000	0.000	0.000
460	S2s	()	126	0.704	0.005	1	0.000	0.000	0.000	0.000
461	S2s	()	127	0.822	0.007	1	0.000	0.000	0.000	0.000
462	S2s	()	129	1.000	0.007	1	0.000	0.000	0.000	0.000
463	S2s	()	130	0.940	0.010	1	0.000	0.000	0.000	0.000
464	S2s	()	131	1.000	0.010	1	0.000	0.000	0.000	0.000
465	S2s	()	132	0.941	0.008	1	0.000	0.000	0.000	0.000
466	S2s	()	133	1.000	0.008	1	0.000	0.000	0.000	0.000
467	S2s	()	135	1.000	0.008	1	0.000	0.000	0.000	0.000
468	S2s	()	136	1.000	0.008	1	0.000	0.000	0.000	0.000
469	S2s	()	139	1.000	0.008	1	0.000	0.000	0.000	0.000
470	S2s	()	141	1.000	0.008	1	0.000	0.000	0.000	0.000
471	S2s	()	142	0.904	0.010	1	0.000	0.000	0.000	0.000
472	S2s	()	143	0.856	0.006	1	0.000	0.000	0.000	0.000
473	S2s	()	145	0.857	0.006	1	0.000	0.000	0.000	0.000
474	S2s	()	146	0.923	0.008	1	0.000	0.000	0.000	0.000
475	S2s	()	147	0.866	0.004	1	0.000	0.000	0.000	0.000
476	S2s	()	148	0.903	0.006	1	0.000	0.000	0.000	0.000
477	S2s	()	149	0.866	0.004	1	0.000	0.000	0.000	0.000
478	S2s	()	150	0.917	0.007	1	0.000	0.000	0.000	0.000
479	S2s	()	151	0.941	0.004	1	0.000	0.000	0.000	0.000
480	S2s	()	152	0.815	0.003	1	0.000	0.000	0.000	0.000
481	S2s	()	153	0.630	0.002	1	0.000	0.000	0.000	0.000
482	S2s	()	154	0.443	0.004	1	0.000	0.000	0.000	0.000
483	S2s	()	155	0.367	0.003	1	0.000	0.000	0.000	0.000
484	te	(ps)	2	107.019	4.891	1	0.000	0.000	0.000	0.000
485	te	(ps)	5	30.909	16.276	1	0.000	0.000	0.000	0.000
486	te	(ps)	6	11.631	22.055	1	0.000	0.000	0.000	0.000
487	te	(ps)	8	0.000	22.055	1	0.000	0.000	0.000	0.000
488	te	(ps)	9	0.000	22.055	1	0.000	0.000	0.000	0.000
489	te	(ps)	10	0.000	22.055	1	0.000	0.000	0.000	0.000
490	te	(ps)	11	121.554	33.744	1	0.000	0.000	0.000	0.000
491	te	(ps)	13	87.398	6.837	1	0.000	0.000	0.000	0.000
492	te	(ps)	14	100.666	14.308	1	0.000	0.000	0.000	0.000
493	te	(ps)	15	73.987	1.368	1	0.000	0.000	0.000	0.000
494	te	(ps)	18	16.861	8.692	1	0.000	0.000	0.000	0.000
495	te	(ps)	20	0.000	8.692	1	0.000	0.000	0.000	0.000
496	te	(ps)	21	0.000	8.692	1	0.000	0.000	0.000	0.000
497	te	(ps)	22	0.000	8.692	1	0.000	0.000	0.000	0.000
498	te	(ps)	23	0.000	8.692	1	0.000	0.000	0.000	0.000
499	te	(ps)	24	0.000	8.692	1	0.000	0.000	0.000	0.000
500	te	(ps)	25	1.812	15.980	1	0.000	0.000	0.000	0.000
501	te	(ps)	26	0.000	15.980	1	0.000	0.000	0.000	0.000
502	te	(ps)	27	0.000	15.980	1	0.000	0.000	0.000	0.000
503	te	(ps)	28	33.461	8.949	1	0.000	0.000	0.000	0.000
504	te	(ps)	29	108.289	10.872	1	0.000	0.000	0.000	0.000
505	te	(ps)	30	788.691	45.760	1	0.000	0.000	0.000	0.000
506	te	(ps)	33	14.090	8.417	1	0.000	0.000	0.000	0.000
507	te	(ps)	34	29.505	7.112	1	0.000	0.000	0.000	0.000
508	te	(ps)	35	16.785	9.422	1	0.000	0.000	0.000	0.000
509	te	(ps)	36	20.308	9.157	1	0.000	0.000	0.000	0.000
510	te	(ps)	37	8.331	10.079	1	0.000	0.000	0.000	0.000
511	te	(ps)	38	5.655	9.483	1	0.000	0.000	0.000	0.000
512	te	(ps)	39	0.000	11.722	1	0.000	0.000	0.000	0.000
513	te	(ps)	41	0.000	11.722	1	0.000	0.000	0.000	0.000
514	te	(ps)	42	22.800	11.779	1	0.000	0.000	0.000	0.000
515	te	(ps)	43	0.000	11.779	1	0.000	0.000	0.000	0.000
516	te	(ps)	44	0.000	11.779	1	0.000	0.000	0.000	0.000
517	te	(ps)	45	0.000	11.779	1	0.000	0.000	0.000	0.000
518	te	(ps)	46	0.000	11.779	1	0.000	0.000	0.000	0.000
519	te	(ps)	47	0.000	11.779	1	0.000	0.000	0.000	0.000
520	te	(ps)	49	0.000	11.779	1	0.000	0.000	0.000	0.000
521	te	(ps)	50	0.000	11.779	1	0.000	0.000	0.000	0.000
522	te	(ps)	51	0.000	11.779	1	0.000	0.000	0.000	0.000
523	te	(ps)	52	0.000	39.432	1	0.000	0.000	0.000	0.000
524	te	(ps)	55	0.000	39.432	1	0.000	0.000	0.000	0.000
525	te	(ps)	58	0.000	39.432	1	0.000	0.000	0.000	0.000
526	te	(ps)	59	0.000	16.904	1	0.000	0.000	0.000	0.000
527	te	(ps)	61	105.446	3.289	1	0.000	0.000	0.000	0.000
528	te	(ps)	65	10.039	8.897	1	0.000	0.000	0.000	0.000
529	te	(ps)	66	901.671	177.322	1	0.000	0.000	0.000	0.000
530	te	(ps)	67	0.000	177.322	1	0.000	0.000	0.000	0.000
531	te	(ps)	68	39.966	17.457	1	0.000	0.000	0.000	0.000
532	te	(ps)	69	0.000	17.457	1	0.000	0.000	0.000	0.000
533	te	(ps)	70	0.000	17.457	1	0.000	0.000	0.000	0.000
534	te	(ps)	71	1221.069	144.402	1	0.000	0.000	0.000	0.000
535	te	(ps)	72	0.000	144.402	1	0.000	0.000	0.000	0.000
536	te	(ps)	74	0.000	144.402	1	0.000	0.000	0.000	0.000
537	te	(ps)	75	0.000	144.402	1	0.000	0.000	0.000	0.000
538	te	(ps)	77	0.000	144.402	1	0.000	0.000	0.000	0.000
539	te	(ps)	78	0.000	144.402	1	0.000	0.000	0.000	0.000
540	te	(ps)	79	0.000	144.402	1	0.000	0.000	0.000	0.000
541	te	(ps)	81	86.017	11.519	1	0.000	0.000	0.000	0.000
542	te	(ps)	82	0.000	11.519	1	0.000	0.000	0.000	0.000
543	te	(ps)	83	0.000	11.519	1	0.000	0.000	0.000	0.000
544	te	(ps)	84	120.680	21.550	1	0.000	0.000	0.000	0.000
545	te	(ps)	86	0.000	21.550	1	0.000	0.000	0.000	0.000
546	te	(ps)	87	54.317	13.582	1	0.000	0.000	0.000	0.000
547	te	(ps)	88	43.645	8.798	1	0.000	0.000	0.000	0.000
548	te	(ps)	89	71.491	6.021	1	0.000	0.000	0.000	0.000
549	te	(ps)	90	0.000	6.021	1	0.000	0.000	0.000	0.000
550	te	(ps)	91	63.661	11.919	1	0.000	0.000	0.000	0.000
551	te	(ps)	92	100.842	6.200	1	0.000	0.000	0.000	0.000
552	te	(ps)	93	101.367	12.361	1	0.000	0.000	0.000	0.000
553	te	(ps)	94	144.183	10.425	1	0.000	0.000	0.000	0.000
554	te	(ps)	95	578.329	34.532	1	0.000	0.000	0.000	0.000
555	te	(ps)	96	129.692	4.341	1	0.000	0.000	0.000	0.000
556	te	(ps)	98	107.225	7.111	1	0.000	0.000	0.000	0.000
557	te	(ps)	99	180.836	43.987	1	0.000	0.000	0.000	0.000
558	te	(ps)	100	0.000	43.987	1	0.000	0.000	0.000	0.000
559	te	(ps)	101	0.000	43.987	1	0.000	0.000	0.000	0.000
560	te	(ps)	102	0.000	43.987	1	0.000	0.000	0.000	0.000
561	te	(ps)	103	0.000	10.107	1	0.000	0.000	0.000	0.000
562	te	(ps)	104	52.209	11.620	1	0.000	0.000	0.000	0.000
563	te	(ps)	105	0.000	11.620	1	0.000	0.000	0.000	0.000
564	te	(ps)	106	0.000	11.620	1	0.000	0.000	0.000	0.000
565	te	(ps)	107	0.000	11.620	1	0.000	0.000	0.000	0.000
566	te	(ps)	109	0.000	11.620	1	0.000	0.000	0.000	0.000
567	te	(ps)	110	0.000	12.622	1	0.000	0.000	0.000	0.000
568	te	(ps)	111	0.000	12.622	1	0.000	0.000	0.000	0.000
569	te	(ps)	112	8.629	9.045	1	0.000	0.000	0.000	0.000
570	te	(ps)	114	0.000	9.045	1	0.000	0.000	0.000	0.000
571	te	(ps)	115	41.896	9.999	1	0.000	0.000	0.000	0.000
572	te	(ps)	116	16.942	3.880	1	0.000	0.000	0.000	0.000
573	te	(ps)	117	0.000	14.892	1	0.000	0.000	0.000	0.000
574	te	(ps)	118	43.894	6.266	1	0.000	0.000	0.000	0.000
575	te	(ps)	119	6.738	16.921	1	0.000	0.000	0.000	0.000
576	te	(ps)	120	36.013	6.062	1	0.000	0.000	0.000	0.000
577	te	(ps)	121	39.871	8.916	1	0.000	0.000	0.000	0.000
578	te	(ps)	122	119.467	11.372	1	0.000	0.000	0.000	0.000
579	te	(ps)	123	66.711	1.775	1	0.000	0.000	0.000	0.000
580	te	(ps)	125	1178.387	42.357	1	0.000	0.000	0.000	0.000
581	te	(ps)	126	58.514	2.677	1	0.000	0.000	0.000	0.000
582	te	(ps)	127	990.626	57.106	1	0.000	0.000	0.000	0.000
583	te	(ps)	129	0.000	57.106	1	0.000	0.000	0.000	0.000
584	te	(ps)	130	23.292	22.353	1	0.000	0.000	0.000	0.000
585	te	(ps)	131	0.000	22.353	1	0.000	0.000	0.000	0.000
586	te	(ps)	132	67.687	17.895	1	0.000	0.000	0.000	0.000
587	te	(ps)	133	0.000	17.895	1	0.000	0.000	0.000	0.000
588	te	(ps)	135	0.000	17.895	1	0.000	0.000	0.000	0.000
589	te	(ps)	136	0.000	17.895	1	0.000	0.000	0.000	0.000
590	te	(ps)	139	0.000	17.895	1	0.000	0.000	0.000	0.000
591	te	(ps)	141	0.000	17.895	1	0.000	0.000	0.000	0.000
592	te	(ps)	142	1.817	10.767	1	0.000	0.000	0.000	0.000
593	te	(ps)	143	13.357	5.289	1	0.000	0.000	0.000	0.000
594	te	(ps)	145	26.103	6.215	1	0.000	0.000	0.000	0.000
595	te	(ps)	146	21.029	13.732	1	0.000	0.000	0.000	0.000
596	te	(ps)	147	25.799	3.402	1	0.000	0.000	0.000	0.000
597	te	(ps)	148	22.870	6.680	1	0.000	0.000	0.000	0.000
598	te	(ps)	149	47.646	4.303	1	0.000	0.000	0.000	0.000
599	te	(ps)	150	79.033	11.239	1	0.000	0.000	0.000	0.000
600	te	(ps)	151	61.626	10.674	1	0.000	0.000	0.000	0.000
601	te	(ps)	152	756.281	15.747	1	0.000	0.000	0.000	0.000
602	te	(ps)	153	785.365	5.581	1	0.000	0.000	0.000	0.000
603	te	(ps)	154	890.905	5.854	1	0.000	0.000	0.000	0.000
604	te	(ps)	155	540.032	3.648	1	0.000	0.000	0.000	0.000
605	Rex	(1/s)	2	0.000	0.000	0	0.000	0.000	0.000	0.000
606	Rex	(1/s)	5	0.000	0.000	0	0.000	0.000	0.000	0.000
607	Rex	(1/s)	6	0.000	0.000	0	0.000	0.000	0.000	0.000
608	Rex	(1/s)	8	0.000	0.000	0	0.000	0.000	0.000	0.000
609	Rex	(1/s)	9	0.000	0.000	0	0.000	0.000	0.000	0.000
610	Rex	(1/s)	10	0.000	0.000	0	0.000	0.000	0.000	0.000
611	Rex	(1/s)	11	0.000	0.000	0	0.000	0.000	0.000	0.000
612	Rex	(1/s)	13	0.000	0.000	0	0.000	0.000	0.000	0.000
613	Rex	(1/s)	14	0.000	0.000	0	0.000	0.000	0.000	0.000
614	Rex	(1/s)	15	0.000	0.000	0	0.000	0.000	0.000	0.000
615	Rex	(1/s)	18	0.000	0.000	0	0.000	0.000	0.000	0.000
616	Rex	(1/s)	20	0.000	0.000	0	0.000	0.000	0.000	0.000
617	Rex	(1/s)	21	0.000	0.000	0	0.000	0.000	0.000	0.000
618	Rex	(1/s)	22	0.000	0.000	0	0.000	0.000	0.000	0.000
619	Rex	(1/s)	23	0.000	0.000	0	0.000	0.000	0.000	0.000
620	Rex	(1/s)	24	0.000	0.000	0	0.000	0.000	0.000	0.000
621	Rex	(1/s)	25	0.000	0.000	0	0.000	0.000	0.000	0.000
622	Rex	(1/s)	26	0.000	0.000	0	0.000	0.000	0.000	0.000
623	Rex	(1/s)	27	0.000	0.000	0	0.000	0.000	0.000	0.000
624	Rex	(1/s)	28	0.000	0.000	0	0.000	0.000	0.000	0.000
625	Rex	(1/s)	29	0.000	0.000	0	0.000	0.000	0.000	0.000
626	Rex	(1/s)	30	0.000	0.000	0	0.000	0.000	0.000	0.000
627	Rex	(1/s)	33	0.000	0.000	0	0.000	0.000	0.000	0.000
628	Rex	(1/s)	34	0.000	0.000	0	0.000	0.000	0.000	0.000
629	Rex	(1/s)	35	0.000	0.000	0	0.000	0.000	0.000	0.000
630	Rex	(1/s)	36	0.000	0.000	0	0.000	0.000	0.000	0.000
631	Rex	(1/s)	37	0.000	0.000	0	0.000	0.000	0.000	0.000
632	Rex	(1/s)	38	0.000	0.000	0	0.000	0.000	0.000	0.000
633	Rex	(1/s)	39	0.000	0.000	0	0.000	0.000	0.000	0.000
634	Rex	(1/s)	41	0.000	0.000	0	0.000	0.000	0.000	0.000
635	Rex	(1/s)	42	0.000	0.000	0	0.000	0.000	0.000	0.000
636	Rex	(1/s)	43	0.000	0.000	0	0.000	0.000	0.000	0.000
637	Rex	(1/s)	44	0.000	0.000	0	0.000	0.000	0.000	0.000
638	Rex	(1/s)	45	0.000	0.000	0	0.000	0.000	0.000	0.000
639	Rex	(1/s)	46	0.000	0.000	0	0.000	0.000	0.000	0.000
640	Rex	(1/s)	47	0.000	0.000	0	0.000	0.000	0.000	0.000
641	Rex	(1/s)	49	0.000	0.000	0	0.000	0.000	0.000	0.000
642	Rex	(1/s)	50	0.000	0.000	0	0.000	0.000	0.000	0.000
643	Rex	(1/s)	51	0.000	0.000	0	0.000	0.000	0.000	0.000
644	Rex	(1/s)	52	0.000	0.000	0	0.000	0.000	0.000	0.000
645	Rex	(1/s)	55	0.000	0.000	0	0.000	0.000	0.000	0.000
646	Rex	(1/s)	58	0.000	0.000	0	0.000	0.000	0.000	0.000
647	Rex	(1/s)	59	0.000	0.000	0	0.000	0.000	0.000	0.000
648	Rex	(1/s)	61	0.000	0.000	0	0.000	0.000	0.000	0.000
649	Rex	(1/s)	65	0.000	0.000	0	0.000	0.000	0.000	0.000
650	Rex	(1/s)	66	0.000	0.000	0	0.000	0.000	0.000	0.000
651	Rex	(1/s)	67	0.000	0.000	0	0.000	0.000	0.000	0.000
652	Rex	(1/s)	68	0.000	0.000	0	0.000	0.000	0.000	0.000
653	Rex	(1/s)	69	0.000	0.000	0	0.000	0.000	0.000	0.000
654	Rex	(1/s)	70	0.000	0.000	0	0.000	0.000	0.000	0.000
655	Rex	(1/s)	71	0.000	0.000	0	0.000	0.000	0.000	0.000
656	Rex	(1/s)	72	0.000	0.000	0	0.000	0.000	0.000	0.000
657	Rex	(1/s)	74	0.000	0.000	0	0.000	0.000	0.000	0.000
658	Rex	(1/s)	75	0.000	0.000	0	0.000	0.000	0.000	0.000
659	Rex	(1/s)	77	0.000	0.000	0	0.000	0.000	0.000	0.000
660	Rex	(1/s)	78	0.000	0.000	0	0.000	0.000	0.000	0.000
661	Rex	(1/s)	79	0.000	0.000	0	0.000	0.000	0.000	0.000
662	Rex	(1/s)	81	0.000	0.000	0	0.000	0.000	0.000	0.000
663	Rex	(1/s)	82	0.000	0.000	0	0.000	0.000	0.000	0.000
664	Rex	(1/s)	83	0.000	0.000	0	0.000	0.000	0.000	0.000
665	Rex	(1/s)	84	0.000	0.000	0	0.000	0.000	0.000	0.000
666	Rex	(1/s)	86	0.000	0.000	0	0.000	0.000	0.000	0.000
667	Rex	(1/s)	87	0.000	0.000	0	0.000	0.000	0.000	0.000
668	Rex	(1/s)	88	0.000	0.000	0	0.000	0.000	0.000	0.000
669	Rex	(1/s)	89	0.000	0.000	0	0.000	0.000	0.000	0.000
670	Rex	(1/s)	90	0.000	0.000	0	0.000	0.000	0.000	0.000
671	Rex	(1/s)	91	0.000	0.000	0	0.000	0.000	0.000	0.000
672	Rex	(1/s)	92	0.000	0.000	0	0.000	0.000	0.000	0.000
673	Rex	(1/s)	93	0.000	0.000	0	0.000	0.000	0.000	0.000
674	Rex	(1/s)	94	0.000	0.000	0	0.000	0.000	0.000	0.000
675	Rex	(1/s)	95	0.000	0.000	0	0.000	0.000	0.000	0.000
676	Rex	(1/s)	96	0.000	0.000	0	0.000	0.000	0.000	0.000
677	Rex	(1/s)	98	0.000	0.000	0	0.000	0.000	0.000	0.000
678	Rex	(1/s)	99	0.000	0.000	0	0.000	0.000	0.000	0.000
679	Rex	(1/s)	100	0.000	0.000	0	0.000	0.000	0.000	0.000
680	Rex	(1/s)	101	0.000	0.000	0	0.000	0.000	0.000	0.000
681	Rex	(1/s)	102	0.000	0.000	0	0.000	0.000	0.000	0.000
682	Rex	(1/s)	103	0.000	0.000	0	0.000	0.000	0.000	0.000
683	Rex	(1/s)	104	0.000	0.000	0	0.000	0.000	0.000	0.000
684	Rex	(1/s)	105	0.000	0.000	0	0.000	0.000	0.000	0.000
685	Rex	(1/s)	106	0.000	0.000	0	0.000	0.000	0.000	0.000
686	Rex	(1/s)	107	0.000	0.000	0	0.000	0.000	0.000	0.000
687	Rex	(1/s)	109	0.000	0.000	0	0.000	0.000	0.000	0.000
688	Rex	(1/s)	110	0.000	0.000	0	0.000	0.000	0.000	0.000
689	Rex	(1/s)	111	0.000	0.000	0	0.000	0.000	0.000	0.000
690	Rex	(1/s)	112	0.000	0.000	0	0.000	0.000	0.000	0.000
691	Rex	(1/s)	114	0.000	0.000	0	0.000	0.000	0.000	0.000
692	Rex	(1/s)	115	0.000	0.000	0	0.000	0.000	0.000	0.000
693	Rex	(1/s)	116	0.000	0.000	0	0.000	0.000	0.000	0.000
694	Rex	(1/s)	117	0.000	0.000	0	0.000	0.000	0.000	0.000
695	Rex	(1/s)	118	0.000	0.000	0	0.000	0.000	0.000	0.000
696	Rex	(1/s)	119	0.000	0.000	0	0.000	0.000	0.000	0.000
697	Rex	(1/s)	120	0.000	0.000	0	0.000	0.000	0.000	0.000
698	Rex	(1/s)	121	0.000	0.000	0	0.000	0.000	0.000	0.000
699	Rex	(1/s)	122	0.000	0.000	0	0.000	0.000	0.000	0.000
700	Rex	(1/s)	123	0.000	0.000	0	0.000	0.000	0.000	0.000
701	Rex	(1/s)	125	0.000	0.000	0	0.000	0.000	0.000	0.000
702	Rex	(1/s)	126	0.000	0.000	0	0.000	0.000	0.000	0.000
703	Rex	(1/s)	127	0.000	0.000	0	0.000	0.000	0.000	0.000
704	Rex	(1/s)	129	0.000	0.000	0	0.000	0.000	0.000	0.000
705	Rex	(1/s)	130	0.000	0.000	0	0.000	0.000	0.000	0.000
706	Rex	(1/s)	131	0.000	0.000	0	0.000	0.000	0.000	0.000
707	Rex	(1/s)	132	0.000	0.000	0	0.000	0.000	0.000	0.000
708	Rex	(1/s)	133	0.000	0.000	0	0.000	0.000	0.000	0.000
709	Rex	(1/s)	135	0.000	0.000	0	0.000	0.000	0.000	0.000
710	Rex	(1/s)	136	0.000	0.000	0	0.000	0.000	0.000	0.000
711	Rex	(1/s)	139	0.000	0.000	0	0.000	0.000	0.000	0.000
712	Rex	(1/s)	141	0.000	0.000	0	0.000	0.000	0.000	0.000
713	Rex	(1/s)	142	0.000	0.000	0	0.000	0.000	0.000	0.000
714	Rex	(1/s)	143	0.000	0.000	0	0.000	0.000	0.000	0.000
715	Rex	(1/s)	145	0.000	0.000	0	0.000	0.000	0.000	0.000
716	Rex	(1/s)	146	0.000	0.000	0	0.000	0.000	0.000	0.000
717	Rex	(1/s)	147	0.000	0.000	0	0.000	0.000	0.000	0.000
718	Rex	(1/s)	148	0.000	0.000	0	0.000	0.000	0.000	0.000
719	Rex	(1/s)	149	0.000	0.000	0	0.000	0.000	0.000	0.000
720	Rex	(1/s)	150	0.000	0.000	0	0.000	0.000	0.000	0.000
721	Rex	(1/s)	151	0.000	0.000	0	0.000	0.000	0.000	0.000
722	Rex	(1/s)	152	0.000	0.000	0	0.000	0.000	0.000	0.000
723	Rex	(1/s)	153	0.000	0.000	0	0.000	0.000	0.000	0.000
724	Rex	(1/s)	154	0.000	0.000	0	0.000	0.000	0.000	0.000
725	Rex	(1/s)	155	0.000	0.000	0	0.000	0.000	0.000	0.000
