residue	f-stat	f-simulations	percentile	simulated_f_dist
2	37.62512970	208	0.0500	0.00000011
2	37.62512970	208	0.1000	0.00000052
2	37.62512970	208	0.1500	0.00000118
2	37.62512970	208	0.2000	0.00000231
2	37.62512970	208	0.2500	0.00000435
2	37.62512970	208	0.3000	0.00025586
2	37.62512970	208	0.3500	0.00807688
2	37.62512970	208	0.4000	0.05292762
2	37.62512970	208	0.4500	0.10780595
2	37.62512970	208	0.5000	0.17030868
2	37.62512970	208	0.5500	0.28545198
2	37.62512970	208	0.6000	0.47232503
2	37.62512970	208	0.6500	0.77605164
2	37.62512970	208	0.7000	1.33716285
2	37.62512970	208	0.7500	2.04352641
2	37.62512970	208	0.8000	3.66158175
2	37.62512970	208	0.8500	6.44781971
2	37.62512970	208	0.9000	11.21791935
2	37.62512970	208	0.9500	41.46436691
2	37.62512970	208	1.0000	1073863.37500000
7	42.79656219	215	0.0500	0.00000049
7	42.79656219	215	0.1000	0.00000094
7	42.79656219	215	0.1500	0.00000150
7	42.79656219	215	0.2000	0.00000390
7	42.79656219	215	0.2500	0.00001421
7	42.79656219	215	0.3000	0.00464833
7	42.79656219	215	0.3500	0.03229066
7	42.79656219	215	0.4000	0.12047305
7	42.79656219	215	0.4500	0.23201603
7	42.79656219	215	0.5000	0.35984313
7	42.79656219	215	0.5500	0.56927276
7	42.79656219	215	0.6000	0.83705330
7	42.79656219	215	0.6500	1.16565764
7	42.79656219	215	0.7000	1.84207976
7	42.79656219	215	0.7500	2.93231702
7	42.79656219	215	0.8000	5.05583668
7	42.79656219	215	0.8500	8.69160557
7	42.79656219	215	0.9000	14.22760201
7	42.79656219	215	0.9500	62.31948090
7	42.79656219	215	1.0000	43123.51171875
8	283.18685913	200	0.0500	0.00000043
8	283.18685913	200	0.1000	0.00000090
8	283.18685913	200	0.1500	0.00000141
8	283.18685913	200	0.2000	0.00000362
8	283.18685913	200	0.2500	0.00000804
8	283.18685913	200	0.3000	0.00005228
8	283.18685913	200	0.3500	0.00983981
8	283.18685913	200	0.4000	0.06133697
8	283.18685913	200	0.4500	0.13385594
8	283.18685913	200	0.5000	0.21652083
8	283.18685913	200	0.5500	0.35955578
8	283.18685913	200	0.6000	0.60401827
8	283.18685913	200	0.6500	0.99016178
8	283.18685913	200	0.7000	1.68559730
8	283.18685913	200	0.7500	2.36628294
8	283.18685913	200	0.8000	3.83716083
8	283.18685913	200	0.8500	9.87373734
8	283.18685913	200	0.9000	21.14880180
8	283.18685913	200	0.9500	82.20468140
8	283.18685913	200	1.0000	705.53527832
9	1510.18286133	224	0.0500	0.00000021
9	1510.18286133	224	0.1000	0.00000051
9	1510.18286133	224	0.1500	0.00000089
9	1510.18286133	224	0.2000	0.00000230
9	1510.18286133	224	0.2500	0.00001065
9	1510.18286133	224	0.3000	0.00037160
9	1510.18286133	224	0.3500	0.01251392
9	1510.18286133	224	0.4000	0.03706772
9	1510.18286133	224	0.4500	0.09829073
9	1510.18286133	224	0.5000	0.22330001
9	1510.18286133	224	0.5500	0.39116523
9	1510.18286133	224	0.6000	0.66593832
9	1510.18286133	224	0.6500	1.06630456
9	1510.18286133	224	0.7000	1.72396624
9	1510.18286133	224	0.7500	3.44512987
9	1510.18286133	224	0.8000	5.57525206
9	1510.18286133	224	0.8500	10.94052124
9	1510.18286133	224	0.9000	19.74120522
9	1510.18286133	224	0.9500	79.06590271
9	1510.18286133	224	1.0000	382609.50000000
10	81.62831116	201	0.0500	0.00000025
10	81.62831116	201	0.1000	0.00000045
10	81.62831116	201	0.1500	0.00000116
10	81.62831116	201	0.2000	0.00000299
10	81.62831116	201	0.2500	0.00001297
10	81.62831116	201	0.3000	0.01114492
10	81.62831116	201	0.3500	0.02697768
10	81.62831116	201	0.4000	0.09498879
10	81.62831116	201	0.4500	0.19979046
10	81.62831116	201	0.5000	0.28563496
10	81.62831116	201	0.5500	0.43291578
10	81.62831116	201	0.6000	0.56795192
10	81.62831116	201	0.6500	0.78183937
10	81.62831116	201	0.7000	1.30928481
10	81.62831116	201	0.7500	1.79873383
10	81.62831116	201	0.8000	3.12686634
10	81.62831116	201	0.8500	7.09479189
10	81.62831116	201	0.9000	16.78132439
10	81.62831116	201	0.9500	71.52635193
10	81.62831116	201	1.0000	5032.48681641
11	11.03719234	211	0.0500	0.00000042
11	11.03719234	211	0.1000	0.00000080
11	11.03719234	211	0.1500	0.00000173
11	11.03719234	211	0.2000	0.00000262
11	11.03719234	211	0.2500	0.00008757
11	11.03719234	211	0.3000	0.01223521
11	11.03719234	211	0.3500	0.04822624
11	11.03719234	211	0.4000	0.10820838
11	11.03719234	211	0.4500	0.18138069
11	11.03719234	211	0.5000	0.27805269
11	11.03719234	211	0.5500	0.57941800
11	11.03719234	211	0.6000	0.86912084
11	11.03719234	211	0.6500	1.21157002
11	11.03719234	211	0.7000	2.06807828
11	11.03719234	211	0.7500	2.98111868
11	11.03719234	211	0.8000	5.92970324
11	11.03719234	211	0.8500	10.69874001
11	11.03719234	211	0.9000	27.66193581
11	11.03719234	211	0.9500	65.88593292
11	11.03719234	211	1.0000	1339.36889648
12	4200.26220703	210	0.0500	0.00000045
12	4200.26220703	210	0.1000	0.00000133
12	4200.26220703	210	0.1500	0.00000345
12	4200.26220703	210	0.2000	0.00001076
12	4200.26220703	210	0.2500	0.00307272
12	4200.26220703	210	0.3000	0.02740247
12	4200.26220703	210	0.3500	0.06888524
12	4200.26220703	210	0.4000	0.14842866
12	4200.26220703	210	0.4500	0.19616266
12	4200.26220703	210	0.5000	0.26589334
12	4200.26220703	210	0.5500	0.44550201
12	4200.26220703	210	0.6000	0.83428693
12	4200.26220703	210	0.6500	1.26639092
12	4200.26220703	210	0.7000	1.85515380
12	4200.26220703	210	0.7500	3.27986240
12	4200.26220703	210	0.8000	5.78343582
12	4200.26220703	210	0.8500	8.77079678
12	4200.26220703	210	0.9000	31.17090416
12	4200.26220703	210	0.9500	92.06812286
12	4200.26220703	210	1.0000	20074.17968750
15	6.61968517	204	0.0500	0.00000022
15	6.61968517	204	0.1000	0.00000035
15	6.61968517	204	0.1500	0.00000076
15	6.61968517	204	0.2000	0.00000146
15	6.61968517	204	0.2500	0.00000390
15	6.61968517	204	0.3000	0.00008885
15	6.61968517	204	0.3500	0.00729767
15	6.61968517	204	0.4000	0.03608837
15	6.61968517	204	0.4500	0.09168993
15	6.61968517	204	0.5000	0.16049640
15	6.61968517	204	0.5500	0.23730503
15	6.61968517	204	0.6000	0.54110628
15	6.61968517	204	0.6500	1.20704114
15	6.61968517	204	0.7000	1.74060547
15	6.61968517	204	0.7500	2.87344503
15	6.61968517	204	0.8000	5.24776506
15	6.61968517	204	0.8500	6.26783276
15	6.61968517	204	0.9000	10.43698120
15	6.61968517	204	0.9500	24.69687653
15	6.61968517	204	1.0000	3908.49633789
20	29.05893135	197	0.0500	0.00000042
20	29.05893135	197	0.1000	0.00000118
20	29.05893135	197	0.1500	0.00000221
20	29.05893135	197	0.2000	0.00000352
20	29.05893135	197	0.2500	0.00000575
20	29.05893135	197	0.3000	0.00282618
20	29.05893135	197	0.3500	0.01273891
20	29.05893135	197	0.4000	0.06606663
20	29.05893135	197	0.4500	0.16430545
20	29.05893135	197	0.5000	0.25067464
20	29.05893135	197	0.5500	0.46753556
20	29.05893135	197	0.6000	0.68749511
20	29.05893135	197	0.6500	1.11680245
20	29.05893135	197	0.7000	1.31190002
20	29.05893135	197	0.7500	1.97706795
20	29.05893135	197	0.8000	3.01731944
20	29.05893135	197	0.8500	8.14234638
20	29.05893135	197	0.9000	25.21349907
20	29.05893135	197	0.9500	72.54767609
20	29.05893135	197	1.0000	9738.39550781
33	330.00012207	213	0.0500	0.00000031
33	330.00012207	213	0.1000	0.00000092
33	330.00012207	213	0.1500	0.00000175
33	330.00012207	213	0.2000	0.00000286
33	330.00012207	213	0.2500	0.00000542
33	330.00012207	213	0.3000	0.00021427
33	330.00012207	213	0.3500	0.01317861
33	330.00012207	213	0.4000	0.07769776
33	330.00012207	213	0.4500	0.15677531
33	330.00012207	213	0.5000	0.27501047
33	330.00012207	213	0.5500	0.49728286
33	330.00012207	213	0.6000	0.90088773
33	330.00012207	213	0.6500	1.54906976
33	330.00012207	213	0.7000	2.19504142
33	330.00012207	213	0.7500	3.39676833
33	330.00012207	213	0.8000	5.90123796
33	330.00012207	213	0.8500	11.48204994
33	330.00012207	213	0.9000	17.88751411
33	330.00012207	213	0.9500	119.21188354
33	330.00012207	213	1.0000	3338.36279297
34	7.28044605	213	0.0500	0.00000053
34	7.28044605	213	0.1000	0.00000098
34	7.28044605	213	0.1500	0.00000166
34	7.28044605	213	0.2000	0.00000296
34	7.28044605	213	0.2500	0.00000565
34	7.28044605	213	0.3000	0.00282171
34	7.28044605	213	0.3500	0.01403056
34	7.28044605	213	0.4000	0.07950928
34	7.28044605	213	0.4500	0.17906503
34	7.28044605	213	0.5000	0.38067618
34	7.28044605	213	0.5500	0.67578608
34	7.28044605	213	0.6000	1.26267147
34	7.28044605	213	0.6500	1.79349625
34	7.28044605	213	0.7000	2.73521256
34	7.28044605	213	0.7500	4.45796347
34	7.28044605	213	0.8000	6.68079042
34	7.28044605	213	0.8500	11.97723770
34	7.28044605	213	0.9000	31.26603317
34	7.28044605	213	0.9500	91.97194672
34	7.28044605	213	1.0000	18887288.00000000
40	514.47235107	189	0.0500	0.00000048
40	514.47235107	189	0.1000	0.00000116
40	514.47235107	189	0.1500	0.00000217
40	514.47235107	189	0.2000	0.00001846
40	514.47235107	189	0.2500	0.00452666
40	514.47235107	189	0.3000	0.03503130
40	514.47235107	189	0.3500	0.08905128
40	514.47235107	189	0.4000	0.19882292
40	514.47235107	189	0.4500	0.38807669
40	514.47235107	189	0.5000	0.73335248
40	514.47235107	189	0.5500	0.88118362
40	514.47235107	189	0.6000	1.09602916
40	514.47235107	189	0.6500	1.79047930
40	514.47235107	189	0.7000	2.52778769
40	514.47235107	189	0.7500	3.82606459
40	514.47235107	189	0.8000	5.27148008
40	514.47235107	189	0.8500	10.77732849
40	514.47235107	189	0.9000	49.26765060
40	514.47235107	189	0.9500	191.01678467
40	514.47235107	189	1.0000	2046289.25000000
42	36.38364792	219	0.0500	0.00000026
42	36.38364792	219	0.1000	0.00000044
42	36.38364792	219	0.1500	0.00000125
42	36.38364792	219	0.2000	0.00000299
42	36.38364792	219	0.2500	0.00001481
42	36.38364792	219	0.3000	0.01706370
42	36.38364792	219	0.3500	0.03378142
42	36.38364792	219	0.4000	0.08407906
42	36.38364792	219	0.4500	0.14841448
42	36.38364792	219	0.5000	0.22224267
42	36.38364792	219	0.5500	0.33444977
42	36.38364792	219	0.6000	0.51140112
42	36.38364792	219	0.6500	0.81030893
42	36.38364792	219	0.7000	1.16111422
42	36.38364792	219	0.7500	2.25216055
42	36.38364792	219	0.8000	4.00557518
42	36.38364792	219	0.8500	8.89135647
42	36.38364792	219	0.9000	15.14896488
42	36.38364792	219	0.9500	73.75635529
42	36.38364792	219	1.0000	21100.38867188
44	9.41755295	198	0.0500	0.00000033
44	9.41755295	198	0.1000	0.00000130
44	9.41755295	198	0.1500	0.00000210
44	9.41755295	198	0.2000	0.00000367
44	9.41755295	198	0.2500	0.00000507
44	9.41755295	198	0.3000	0.00006040
44	9.41755295	198	0.3500	0.01014140
44	9.41755295	198	0.4000	0.05099005
44	9.41755295	198	0.4500	0.10047299
44	9.41755295	198	0.5000	0.26573727
44	9.41755295	198	0.5500	0.54660529
44	9.41755295	198	0.6000	0.79419625
44	9.41755295	198	0.6500	1.13352978
44	9.41755295	198	0.7000	1.95532119
44	9.41755295	198	0.7500	3.20113158
44	9.41755295	198	0.8000	5.50886583
44	9.41755295	198	0.8500	10.19322491
44	9.41755295	198	0.9000	21.83886719
44	9.41755295	198	0.9500	121.08869934
44	9.41755295	198	1.0000	471547.28125000
46	91.54444122	211	0.0500	0.00000050
46	91.54444122	211	0.1000	0.00000093
46	91.54444122	211	0.1500	0.00000239
46	91.54444122	211	0.2000	0.00000524
46	91.54444122	211	0.2500	0.00067337
46	91.54444122	211	0.3000	0.01417704
46	91.54444122	211	0.3500	0.05749809
46	91.54444122	211	0.4000	0.13687858
46	91.54444122	211	0.4500	0.27424562
46	91.54444122	211	0.5000	0.47753564
46	91.54444122	211	0.5500	0.67841661
46	91.54444122	211	0.6000	0.91294670
46	91.54444122	211	0.6500	1.29488361
46	91.54444122	211	0.7000	1.89922965
46	91.54444122	211	0.7500	3.17355919
46	91.54444122	211	0.8000	4.40303421
46	91.54444122	211	0.8500	9.35999012
46	91.54444122	211	0.9000	34.80020142
46	91.54444122	211	0.9500	142.09373474
46	91.54444122	211	1.0000	47766.43359375
49	147.20301819	207	0.0500	0.00000185
49	147.20301819	207	0.1000	0.00000466
49	147.20301819	207	0.1500	0.00000885
49	147.20301819	207	0.2000	0.00001313
49	147.20301819	207	0.2500	0.00191810
49	147.20301819	207	0.3000	0.01057559
49	147.20301819	207	0.3500	0.06029565
49	147.20301819	207	0.4000	0.12908894
49	147.20301819	207	0.4500	0.22028933
49	147.20301819	207	0.5000	0.33598694
49	147.20301819	207	0.5500	0.41446695
49	147.20301819	207	0.6000	0.59247786
49	147.20301819	207	0.6500	0.88893557
49	147.20301819	207	0.7000	1.28132308
49	147.20301819	207	0.7500	1.92091477
49	147.20301819	207	0.8000	3.27017903
49	147.20301819	207	0.8500	6.65871096
49	147.20301819	207	0.9000	15.14422894
49	147.20301819	207	0.9500	73.51820374
49	147.20301819	207	1.0000	15327.88867188
50	9.16386509	207	0.0500	0.00000018
50	9.16386509	207	0.1000	0.00000045
50	9.16386509	207	0.1500	0.00000074
50	9.16386509	207	0.2000	0.00000130
50	9.16386509	207	0.2500	0.00000336
50	9.16386509	207	0.3000	0.00000613
50	9.16386509	207	0.3500	0.00944176
50	9.16386509	207	0.4000	0.04716138
50	9.16386509	207	0.4500	0.11538991
50	9.16386509	207	0.5000	0.26062813
50	9.16386509	207	0.5500	0.51913339
50	9.16386509	207	0.6000	0.82956415
50	9.16386509	207	0.6500	1.24489641
50	9.16386509	207	0.7000	1.87035632
50	9.16386509	207	0.7500	3.49092960
50	9.16386509	207	0.8000	5.54664707
50	9.16386509	207	0.8500	9.88029671
50	9.16386509	207	0.9000	19.10426331
50	9.16386509	207	0.9500	94.61662292
50	9.16386509	207	1.0000	4186.07080078
60	11.91369724	215	0.0500	0.00000019
60	11.91369724	215	0.1000	0.00000050
60	11.91369724	215	0.1500	0.00000170
60	11.91369724	215	0.2000	0.00000250
60	11.91369724	215	0.2500	0.00000704
60	11.91369724	215	0.3000	0.00128146
60	11.91369724	215	0.3500	0.01285342
60	11.91369724	215	0.4000	0.03718788
60	11.91369724	215	0.4500	0.07727331
60	11.91369724	215	0.5000	0.20837274
60	11.91369724	215	0.5500	0.41761893
60	11.91369724	215	0.6000	0.79757828
60	11.91369724	215	0.6500	1.22912025
60	11.91369724	215	0.7000	1.96464789
60	11.91369724	215	0.7500	2.54455805
60	11.91369724	215	0.8000	3.62473512
60	11.91369724	215	0.8500	6.82153511
60	11.91369724	215	0.9000	10.83809280
60	11.91369724	215	0.9500	73.71120453
60	11.91369724	215	1.0000	191268.43750000
71	21.18813515	221	0.0500	0.00000097
71	21.18813515	221	0.1000	0.00000233
71	21.18813515	221	0.1500	0.00000382
71	21.18813515	221	0.2000	0.00000546
71	21.18813515	221	0.2500	0.00001049
71	21.18813515	221	0.3000	0.00002353
71	21.18813515	221	0.3500	0.00511743
71	21.18813515	221	0.4000	0.03434276
71	21.18813515	221	0.4500	0.08412247
71	21.18813515	221	0.5000	0.22921070
71	21.18813515	221	0.5500	0.31036341
71	21.18813515	221	0.6000	0.60001558
71	21.18813515	221	0.6500	0.86398315
71	21.18813515	221	0.7000	1.53367198
71	21.18813515	221	0.7500	2.86734581
71	21.18813515	221	0.8000	3.85970140
71	21.18813515	221	0.8500	7.64400530
71	21.18813515	221	0.9000	21.74669647
71	21.18813515	221	0.9500	139.71789551
71	21.18813515	221	1.0000	32931.13281250
