index	relaxation_rate_name	relaxation_rate_unit	field	residue	value	uncertainty	flag	fit_value	t-value
0	R1	(1/s)	500.130	2	2.392	0.032	1	2.395	-1.150E-01
1	R1	(1/s)	500.130	3	2.595	0.070	1	2.605	-1.490E-01
2	R1	(1/s)	500.130	4	2.620	0.041	1	2.608	2.950E-01
3	R1	(1/s)	500.130	5	2.541	0.043	1	2.519	5.190E-01
4	R1	(1/s)	500.130	6	2.718	0.019	1	2.712	3.000E-01
5	R1	(1/s)	500.130	7	2.519	0.023	1	2.517	9.980E-02
6	R1	(1/s)	500.130	8	2.561	0.045	1	2.536	5.540E-01
7	R1	(1/s)	500.130	9	2.335	0.043	1	2.332	6.880E-02
8	R1	(1/s)	500.130	10	2.412	0.042	1	2.404	1.720E-01
9	R1	(1/s)	500.130	11	2.262	0.023	1	2.250	5.200E-01
10	R1	(1/s)	500.130	12	2.395	0.058	1	2.407	-2.080E-01
11	R1	(1/s)	500.130	13	2.448	0.058	1	2.450	-2.770E-02
12	R1	(1/s)	500.130	14	2.426	0.059	1	2.426	-2.470E-03
13	R1	(1/s)	500.130	15	2.621	0.045	1	2.607	3.220E-01
14	R1	(1/s)	500.130	16	2.291	0.062	1	2.360	-1.100E+00
15	R1	(1/s)	500.130	17	2.610	0.045	1	2.594	3.600E-01
16	R1	(1/s)	500.130	18	2.339	0.068	1	2.349	-1.510E-01
17	R1	(1/s)	500.130	20	2.565	0.021	1	2.570	-2.260E-01
18	R1	(1/s)	500.130	21	2.614	0.036	1	2.619	-1.420E-01
19	R1	(1/s)	500.130	22	2.605	0.024	1	2.605	9.810E-06
20	R1	(1/s)	500.130	23	2.682	0.033	1	2.682	0.000E+00
21	R1	(1/s)	500.130	25	2.618	0.014	1	2.618	0.000E+00
22	R1	(1/s)	500.130	26	2.626	0.030	1	2.608	5.910E-01
23	R1	(1/s)	500.130	27	2.609	0.026	1	2.640	-1.170E+00
24	R1	(1/s)	500.130	28	2.644	0.006	1	2.646	-3.930E-01
25	R1	(1/s)	500.130	29	2.615	0.021	1	2.609	2.920E-01
26	R1	(1/s)	500.130	30	2.578	0.025	1	2.580	-6.610E-02
27	R1	(1/s)	500.130	31	2.486	0.017	1	2.486	0.000E+00
28	R1	(1/s)	500.130	32	2.685	0.029	1	2.673	3.920E-01
29	R1	(1/s)	500.130	33	2.410	0.054	1	2.405	9.120E-02
30	R1	(1/s)	500.130	34	2.525	0.033	1	2.535	-3.310E-01
31	R1	(1/s)	500.130	35	2.543	0.024	1	2.543	0.000E+00
32	R1	(1/s)	500.130	36	2.245	0.018	1	2.246	-3.010E-02
33	R1	(1/s)	500.130	39	2.519	0.025	1	2.505	5.410E-01
34	R1	(1/s)	500.130	40	2.531	0.065	1	2.586	-8.400E-01
35	R1	(1/s)	500.130	41	2.602	0.042	1	2.570	7.840E-01
36	R1	(1/s)	500.130	42	2.539	0.042	1	2.553	-3.390E-01
37	R1	(1/s)	500.130	43	2.473	0.056	1	2.483	-1.910E-01
38	R1	(1/s)	500.130	44	2.581	0.057	1	2.540	7.160E-01
39	R1	(1/s)	500.130	45	2.527	0.046	1	2.586	-1.290E+00
40	R1	(1/s)	500.130	46	2.550	0.027	1	2.552	-7.780E-02
41	R1	(1/s)	500.130	47	2.409	0.040	1	2.471	-1.550E+00
42	R1	(1/s)	500.130	48	2.416	0.067	1	2.418	-3.830E-02
43	R1	(1/s)	500.130	49	2.340	0.011	1	2.348	-7.130E-01
44	R1	(1/s)	500.130	50	2.558	0.017	1	2.556	1.100E-01
45	R1	(1/s)	500.130	51	2.356	0.054	1	2.483	-2.350E+00
46	R1	(1/s)	500.130	52	2.242	0.042	1	2.242	0.000E+00
47	R1	(1/s)	500.130	54	2.458	0.041	1	2.455	5.220E-02
48	R1	(1/s)	500.130	55	2.506	0.054	1	2.575	-1.270E+00
49	R1	(1/s)	500.130	57	2.574	0.032	1	2.559	4.870E-01
50	R1	(1/s)	500.130	58	2.601	0.021	1	2.598	1.440E-01
51	R1	(1/s)	500.130	59	2.516	0.054	1	2.507	1.710E-01
52	R1	(1/s)	500.130	60	2.572	0.024	1	2.568	1.700E-01
53	R1	(1/s)	500.130	61	2.516	0.019	1	2.503	6.540E-01
54	R1	(1/s)	500.130	62	2.285	0.030	1	2.285	-7.870E-06
55	R1	(1/s)	500.130	63	2.375	0.060	1	2.454	-1.300E+00
56	R1	(1/s)	500.130	64	2.621	0.024	1	2.581	1.700E+00
57	R1	(1/s)	500.130	65	2.531	0.017	1	2.528	1.700E-01
58	R1	(1/s)	500.130	66	2.482	0.055	1	2.465	3.150E-01
59	R1	(1/s)	500.130	67	2.491	0.029	1	2.492	-1.940E-02
60	R1	(1/s)	500.130	68	2.524	0.070	1	2.564	-5.570E-01
61	R1	(1/s)	500.130	69	2.538	0.042	1	2.536	4.450E-02
62	R1	(1/s)	500.130	70	2.616	0.057	1	2.684	-1.190E+00
63	R1	(1/s)	500.130	71	2.447	0.016	1	2.432	9.140E-01
64	R1	(1/s)	500.130	72	2.599	0.032	1	2.660	-1.920E+00
65	R2	(1/s)	500.130	2	5.656	0.315	1	5.500	4.960E-01
66	R2	(1/s)	500.130	3	6.181	0.407	1	6.030	3.730E-01
67	R2	(1/s)	500.130	4	5.755	0.303	1	6.037	-9.320E-01
68	R2	(1/s)	500.130	5	5.819	0.045	1	5.830	-2.300E-01
69	R2	(1/s)	500.130	6	5.567	0.322	1	6.279	-2.210E+00
70	R2	(1/s)	500.130	7	5.704	0.213	1	5.790	-4.050E-01
71	R2	(1/s)	500.130	8	5.593	0.160	1	5.734	-8.860E-01
72	R2	(1/s)	500.130	9	5.105	0.519	1	5.297	-3.690E-01
73	R2	(1/s)	500.130	10	4.318	0.769	1	5.399	-1.410E+00
74	R2	(1/s)	500.130	11	4.864	0.156	1	5.106	-1.550E+00
75	R2	(1/s)	500.130	12	5.467	0.083	1	5.456	1.320E-01
76	R2	(1/s)	500.130	13	5.678	0.186	1	5.671	3.820E-02
77	R2	(1/s)	500.130	14	5.616	0.206	1	5.616	3.720E-03
78	R2	(1/s)	500.130	15	5.415	0.432	1	5.996	-1.350E+00
79	R2	(1/s)	500.130	16	5.580	0.124	1	5.462	9.490E-01
80	R2	(1/s)	500.130	17	5.681	0.306	1	6.005	-1.060E+00
81	R2	(1/s)	500.130	18	5.692	0.517	1	5.437	4.940E-01
82	R2	(1/s)	500.130	20	5.957	0.111	1	5.898	5.220E-01
83	R2	(1/s)	500.130	21	6.154	0.232	1	6.061	4.000E-01
84	R2	(1/s)	500.130	22	5.608	0.073	1	5.608	0.000E+00
85	R2	(1/s)	500.130	23	7.368	0.177	1	7.368	0.000E+00
86	R2	(1/s)	500.130	25	7.918	0.345	1	7.918	1.380E-06
87	R2	(1/s)	500.130	26	5.835	0.154	1	6.036	-1.300E+00
88	R2	(1/s)	500.130	27	6.220	0.075	1	6.112	1.440E+00
89	R2	(1/s)	500.130	28	6.208	0.055	1	6.125	1.510E+00
90	R2	(1/s)	500.130	29	5.912	0.146	1	6.039	-8.690E-01
91	R2	(1/s)	500.130	30	5.978	0.071	1	5.972	7.930E-02
92	R2	(1/s)	500.130	31	4.910	0.187	1	4.910	0.000E+00
93	R2	(1/s)	500.130	32	5.932	0.209	1	6.188	-1.220E+00
94	R2	(1/s)	500.130	33	5.484	0.238	1	5.525	-1.730E-01
95	R2	(1/s)	500.130	34	6.010	0.205	1	5.824	9.060E-01
96	R2	(1/s)	500.130	35	6.135	0.060	1	6.135	8.000E-06
97	R2	(1/s)	500.130	36	5.252	0.276	1	5.199	1.920E-01
98	R2	(1/s)	500.130	39	5.731	0.085	1	5.799	-8.050E-01
99	R2	(1/s)	500.130	40	6.005	0.120	1	5.924	6.780E-01
100	R2	(1/s)	500.130	41	5.877	0.094	1	5.948	-7.600E-01
101	R2	(1/s)	500.130	42	6.020	0.200	1	5.879	7.050E-01
102	R2	(1/s)	500.130	43	5.766	0.110	1	5.748	1.630E-01
103	R2	(1/s)	500.130	44	5.802	0.073	1	5.831	-3.990E-01
104	R2	(1/s)	500.130	45	6.094	0.095	1	5.985	1.150E+00
105	R2	(1/s)	500.130	46	5.908	0.204	1	5.857	2.520E-01
106	R2	(1/s)	500.130	47	5.806	0.072	1	5.720	1.190E+00
107	R2	(1/s)	500.130	48	5.648	0.451	1	5.598	1.110E-01
108	R2	(1/s)	500.130	49	5.355	0.041	1	5.307	1.190E+00
109	R2	(1/s)	500.130	50	5.591	0.313	1	5.870	-8.920E-01
110	R2	(1/s)	500.130	51	5.812	0.058	1	5.749	1.090E+00
111	R2	(1/s)	500.130	52	5.925	0.154	1	5.925	3.090E-06
112	R2	(1/s)	500.130	54	5.426	0.683	1	5.684	-3.770E-01
113	R2	(1/s)	500.130	55	6.199	0.153	1	5.961	1.550E+00
114	R2	(1/s)	500.130	57	5.747	0.163	1	5.922	-1.070E+00
115	R2	(1/s)	500.130	58	5.721	0.315	1	6.014	-9.310E-01
116	R2	(1/s)	500.130	59	5.726	0.237	1	5.803	-3.250E-01
117	R2	(1/s)	500.130	60	5.744	0.234	1	5.914	-7.280E-01
118	R2	(1/s)	500.130	61	5.723	0.070	1	5.794	-1.020E+00
119	R2	(1/s)	500.130	62	4.954	0.098	1	4.954	0.000E+00
120	R2	(1/s)	500.130	63	5.849	0.134	1	5.680	1.250E+00
121	R2	(1/s)	500.130	64	5.928	0.038	1	5.974	-1.190E+00
122	R2	(1/s)	500.130	65	5.598	0.241	1	5.852	-1.050E+00
123	R2	(1/s)	500.130	66	5.545	0.255	1	5.706	-6.320E-01
124	R2	(1/s)	500.130	67	5.784	0.228	1	5.769	6.600E-02
125	R2	(1/s)	500.130	68	6.085	0.210	1	5.934	7.180E-01
126	R2	(1/s)	500.130	69	5.866	0.102	1	5.871	-4.660E-02
127	R2	(1/s)	500.130	70	6.226	0.040	1	6.212	3.560E-01
128	R2	(1/s)	500.130	71	5.514	0.053	1	5.585	-1.340E+00
129	R2	(1/s)	500.130	72	6.309	0.076	1	6.158	1.970E+00
130	NOE	()	500.130	2	0.665	0.020	1	0.666	-2.260E-02
131	NOE	()	500.130	3	0.699	0.038	1	0.728	-7.640E-01
132	NOE	()	500.130	4	0.696	0.022	1	0.728	-1.450E+00
133	NOE	()	500.130	5	0.720	0.014	1	0.728	-5.890E-01
134	NOE	()	500.130	6	0.696	0.023	1	0.728	-1.380E+00
135	NOE	()	500.130	7	0.680	0.018	1	0.680	2.570E-02
136	NOE	()	500.130	8	0.552	0.010	1	0.552	4.490E-02
137	NOE	()	500.130	9	0.585	0.010	1	0.585	4.970E-03
138	NOE	()	500.130	10	0.501	0.018	1	0.501	2.470E-02
139	NOE	()	500.130	11	0.581	0.028	1	0.576	1.890E-01
140	NOE	()	500.130	12	0.569	0.010	1	0.569	-1.150E-02
141	NOE	()	500.130	13	0.703	0.026	1	0.728	-9.690E-01
142	NOE	()	500.130	14	0.694	0.022	1	0.728	-1.530E+00
143	NOE	()	500.130	15	0.680	0.014	1	0.679	3.370E-02
144	NOE	()	500.130	16	0.699	0.026	1	0.728	-1.090E+00
145	NOE	()	500.130	17	0.690	0.029	1	0.728	-1.310E+00
146	NOE	()	500.130	18	0.691	0.026	1	0.728	-1.410E+00
147	NOE	()	500.130	20	0.662	0.021	1	0.664	-7.560E-02
148	NOE	()	500.130	21	0.719	0.010	1	0.728	-8.830E-01
149	NOE	()	500.130	22	0.665	0.015	1	0.665	3.990E-06
150	NOE	()	500.130	23	0.720	0.039	1	0.728	-2.150E-01
151	NOE	()	500.130	25	0.711	0.009	1	0.711	0.000E+00
152	NOE	()	500.130	26	0.732	0.004	1	0.728	8.900E-01
153	NOE	()	500.130	27	0.746	0.008	1	0.728	2.260E+00
154	NOE	()	500.130	28	0.754	0.008	1	0.728	3.040E+00
155	NOE	()	500.130	29	0.691	0.017	1	0.728	-2.210E+00
156	NOE	()	500.130	30	0.695	0.022	1	0.728	-1.500E+00
157	NOE	()	500.130	31	0.575	0.021	1	0.575	0.000E+00
158	NOE	()	500.130	32	0.740	0.020	1	0.728	5.780E-01
159	NOE	()	500.130	33	0.670	0.016	1	0.670	8.620E-03
160	NOE	()	500.130	34	0.668	0.022	1	0.669	-7.580E-02
161	NOE	()	500.130	35	0.730	0.021	1	0.728	1.200E-01
162	NOE	()	500.130	36	0.719	0.016	1	0.728	-5.530E-01
163	NOE	()	500.130	39	0.702	0.015	1	0.728	-1.690E+00
164	NOE	()	500.130	40	0.649	0.003	1	0.649	-1.420E-02
165	NOE	()	500.130	41	0.673	0.027	1	0.728	-2.020E+00
166	NOE	()	500.130	42	0.686	0.009	1	0.687	-2.360E-02
167	NOE	()	500.130	43	0.735	0.015	1	0.728	4.980E-01
168	NOE	()	500.130	44	0.668	0.025	1	0.666	1.040E-01
169	NOE	()	500.130	45	0.739	0.024	1	0.728	4.560E-01
170	NOE	()	500.130	46	0.660	0.026	1	0.661	-2.510E-02
171	NOE	()	500.130	47	0.690	0.016	1	0.728	-2.350E+00
172	NOE	()	500.130	48	0.689	0.016	1	0.728	-2.390E+00
173	NOE	()	500.130	49	0.547	0.011	1	0.549	-2.230E-01
174	NOE	()	500.130	50	0.667	0.023	1	0.666	4.990E-02
175	NOE	()	500.130	51	0.670	0.037	1	0.728	-1.550E+00
176	NOE	()	500.130	52	0.675	0.019	1	0.675	0.000E+00
177	NOE	()	500.130	54	0.700	0.018	1	0.728	-1.570E+00
178	NOE	()	500.130	55	0.718	0.009	1	0.728	-1.130E+00
179	NOE	()	500.130	57	0.737	0.023	1	0.728	4.180E-01
180	NOE	()	500.130	58	0.715	0.019	1	0.728	-6.570E-01
181	NOE	()	500.130	59	0.735	0.022	1	0.728	3.140E-01
182	NOE	()	500.130	60	0.688	0.016	1	0.688	3.770E-02
183	NOE	()	500.130	61	0.718	0.022	1	0.728	-4.630E-01
184	NOE	()	500.130	62	0.598	0.025	1	0.598	0.000E+00
185	NOE	()	500.130	63	0.726	0.014	1	0.728	-1.230E-01
186	NOE	()	500.130	64	0.701	0.022	1	0.728	-1.220E+00
187	NOE	()	500.130	65	0.729	0.017	1	0.728	6.000E-02
188	NOE	()	500.130	66	0.700	0.012	1	0.728	-2.300E+00
189	NOE	()	500.130	67	0.678	0.030	1	0.728	-1.670E+00
190	NOE	()	500.130	68	0.724	0.023	1	0.728	-1.610E-01
191	NOE	()	500.130	69	0.660	0.034	1	0.728	-2.030E+00
192	NOE	()	500.130	70	0.720	0.015	1	0.728	-5.510E-01
193	NOE	()	500.130	71	0.668	0.008	1	0.667	1.520E-01
194	NOE	()	500.130	72	0.699	0.014	1	0.728	-2.030E+00
