index	residue	model	nucleus	gamma	rxh	csa	atom_1	atom_2
0	2	110	15N	-2.7120	1.0400	-162.0000	N	H
1	5	110	15N	-2.7120	1.0400	-162.0000	N	H
2	6	110	15N	-2.7120	1.0400	-162.0000	N	H
3	8	110	15N	-2.7120	1.0400	-162.0000	N	H
4	9	110	15N	-2.7120	1.0400	-162.0000	N	H
5	10	110	15N	-2.7120	1.0400	-162.0000	N	H
6	11	110	15N	-2.7120	1.0400	-162.0000	N	H
7	13	110	15N	-2.7120	1.0400	-162.0000	N	H
8	14	110	15N	-2.7120	1.0400	-162.0000	N	H
9	15	110	15N	-2.7120	1.0400	-162.0000	N	H
10	18	110	15N	-2.7120	1.0400	-162.0000	N	H
11	20	110	15N	-2.7120	1.0400	-162.0000	N	H
12	21	110	15N	-2.7120	1.0400	-162.0000	N	H
13	22	110	15N	-2.7120	1.0400	-162.0000	N	H
14	23	110	15N	-2.7120	1.0400	-162.0000	N	H
15	24	110	15N	-2.7120	1.0400	-162.0000	N	H
16	25	110	15N	-2.7120	1.0400	-162.0000	N	H
17	26	110	15N	-2.7120	1.0400	-162.0000	N	H
18	27	110	15N	-2.7120	1.0400	-162.0000	N	H
19	28	110	15N	-2.7120	1.0400	-162.0000	N	H
20	29	110	15N	-2.7120	1.0400	-162.0000	N	H
21	30	110	15N	-2.7120	1.0400	-162.0000	N	H
22	33	110	15N	-2.7120	1.0400	-162.0000	N	H
23	34	110	15N	-2.7120	1.0400	-162.0000	N	H
24	35	110	15N	-2.7120	1.0400	-162.0000	N	H
25	36	110	15N	-2.7120	1.0400	-162.0000	N	H
26	37	110	15N	-2.7120	1.0400	-162.0000	N	H
27	38	110	15N	-2.7120	1.0400	-162.0000	N	H
28	39	110	15N	-2.7120	1.0400	-162.0000	N	H
29	41	110	15N	-2.7120	1.0400	-162.0000	N	H
30	42	110	15N	-2.7120	1.0400	-162.0000	N	H
31	43	110	15N	-2.7120	1.0400	-162.0000	N	H
32	44	110	15N	-2.7120	1.0400	-162.0000	N	H
33	45	110	15N	-2.7120	1.0400	-162.0000	N	H
34	46	110	15N	-2.7120	1.0400	-162.0000	N	H
35	47	110	15N	-2.7120	1.0400	-162.0000	N	H
36	49	110	15N	-2.7120	1.0400	-162.0000	N	H
37	50	110	15N	-2.7120	1.0400	-162.0000	N	H
38	51	110	15N	-2.7120	1.0400	-162.0000	N	H
39	52	110	15N	-2.7120	1.0400	-162.0000	N	H
40	55	110	15N	-2.7120	1.0400	-162.0000	N	H
41	58	110	15N	-2.7120	1.0400	-162.0000	N	H
42	59	110	15N	-2.7120	1.0400	-162.0000	N	H
43	61	110	15N	-2.7120	1.0400	-162.0000	N	H
44	65	110	15N	-2.7120	1.0400	-162.0000	N	H
45	66	110	15N	-2.7120	1.0400	-162.0000	N	H
46	67	110	15N	-2.7120	1.0400	-162.0000	N	H
47	68	110	15N	-2.7120	1.0400	-162.0000	N	H
48	69	110	15N	-2.7120	1.0400	-162.0000	N	H
49	70	110	15N	-2.7120	1.0400	-162.0000	N	H
50	71	110	15N	-2.7120	1.0400	-162.0000	N	H
51	72	110	15N	-2.7120	1.0400	-162.0000	N	H
52	74	110	15N	-2.7120	1.0400	-162.0000	N	H
53	75	110	15N	-2.7120	1.0400	-162.0000	N	H
54	77	110	15N	-2.7120	1.0400	-162.0000	N	H
55	78	110	15N	-2.7120	1.0400	-162.0000	N	H
56	79	110	15N	-2.7120	1.0400	-162.0000	N	H
57	81	110	15N	-2.7120	1.0400	-162.0000	N	H
58	82	110	15N	-2.7120	1.0400	-162.0000	N	H
59	83	110	15N	-2.7120	1.0400	-162.0000	N	H
60	84	110	15N	-2.7120	1.0400	-162.0000	N	H
61	86	110	15N	-2.7120	1.0400	-162.0000	N	H
62	87	110	15N	-2.7120	1.0400	-162.0000	N	H
63	88	110	15N	-2.7120	1.0400	-162.0000	N	H
64	89	110	15N	-2.7120	1.0400	-162.0000	N	H
65	90	110	15N	-2.7120	1.0400	-162.0000	N	H
66	91	110	15N	-2.7120	1.0400	-162.0000	N	H
67	92	110	15N	-2.7120	1.0400	-162.0000	N	H
68	93	110	15N	-2.7120	1.0400	-162.0000	N	H
69	94	110	15N	-2.7120	1.0400	-162.0000	N	H
70	95	110	15N	-2.7120	1.0400	-162.0000	N	H
71	96	110	15N	-2.7120	1.0400	-162.0000	N	H
72	98	110	15N	-2.7120	1.0400	-162.0000	N	H
73	99	110	15N	-2.7120	1.0400	-162.0000	N	H
74	100	110	15N	-2.7120	1.0400	-162.0000	N	H
75	101	110	15N	-2.7120	1.0400	-162.0000	N	H
76	102	110	15N	-2.7120	1.0400	-162.0000	N	H
77	103	110	15N	-2.7120	1.0400	-162.0000	N	H
78	104	110	15N	-2.7120	1.0400	-162.0000	N	H
79	105	110	15N	-2.7120	1.0400	-162.0000	N	H
80	106	110	15N	-2.7120	1.0400	-162.0000	N	H
81	107	110	15N	-2.7120	1.0400	-162.0000	N	H
82	109	110	15N	-2.7120	1.0400	-162.0000	N	H
83	110	110	15N	-2.7120	1.0400	-162.0000	N	H
84	111	110	15N	-2.7120	1.0400	-162.0000	N	H
85	112	110	15N	-2.7120	1.0400	-162.0000	N	H
86	114	110	15N	-2.7120	1.0400	-162.0000	N	H
87	115	110	15N	-2.7120	1.0400	-162.0000	N	H
88	116	110	15N	-2.7120	1.0400	-162.0000	N	H
89	117	110	15N	-2.7120	1.0400	-162.0000	N	H
90	118	110	15N	-2.7120	1.0400	-162.0000	N	H
91	119	110	15N	-2.7120	1.0400	-162.0000	N	H
92	120	110	15N	-2.7120	1.0400	-162.0000	N	H
93	121	110	15N	-2.7120	1.0400	-162.0000	N	H
94	122	110	15N	-2.7120	1.0400	-162.0000	N	H
95	123	110	15N	-2.7120	1.0400	-162.0000	N	H
96	125	110	15N	-2.7120	1.0400	-162.0000	N	H
97	126	110	15N	-2.7120	1.0400	-162.0000	N	H
98	127	110	15N	-2.7120	1.0400	-162.0000	N	H
99	129	110	15N	-2.7120	1.0400	-162.0000	N	H
100	130	110	15N	-2.7120	1.0400	-162.0000	N	H
101	131	110	15N	-2.7120	1.0400	-162.0000	N	H
102	132	110	15N	-2.7120	1.0400	-162.0000	N	H
103	133	110	15N	-2.7120	1.0400	-162.0000	N	H
104	135	110	15N	-2.7120	1.0400	-162.0000	N	H
105	136	110	15N	-2.7120	1.0400	-162.0000	N	H
106	139	110	15N	-2.7120	1.0400	-162.0000	N	H
107	141	110	15N	-2.7120	1.0400	-162.0000	N	H
108	142	110	15N	-2.7120	1.0400	-162.0000	N	H
109	143	110	15N	-2.7120	1.0400	-162.0000	N	H
110	145	110	15N	-2.7120	1.0400	-162.0000	N	H
111	146	110	15N	-2.7120	1.0400	-162.0000	N	H
112	147	110	15N	-2.7120	1.0400	-162.0000	N	H
113	148	110	15N	-2.7120	1.0400	-162.0000	N	H
114	149	110	15N	-2.7120	1.0400	-162.0000	N	H
115	150	110	15N	-2.7120	1.0400	-162.0000	N	H
116	151	110	15N	-2.7120	1.0400	-162.0000	N	H
117	152	110	15N	-2.7120	1.0400	-162.0000	N	H
118	153	110	15N	-2.7120	1.0400	-162.0000	N	H
119	154	110	15N	-2.7120	1.0400	-162.0000	N	H
120	155	110	15N	-2.7120	1.0400	-162.0000	N	H
