index	residue	sse	percentile	simulated_sse
0	2	1.0100E+01	0.0500	0.1404
1	2	1.0100E+01	0.1000	0.2481
2	2	1.0100E+01	0.1500	0.3750
3	2	1.0100E+01	0.2000	0.5360
4	2	1.0100E+01	0.2500	0.6617
5	2	1.0100E+01	0.3000	0.8045
6	2	1.0100E+01	0.3500	0.9218
7	2	1.0100E+01	0.4000	1.0444
8	2	1.0100E+01	0.4500	1.2003
9	2	1.0100E+01	0.5000	1.3574
10	2	1.0100E+01	0.5500	1.6033
11	2	1.0100E+01	0.6000	1.8817
12	2	1.0100E+01	0.6500	2.0630
13	2	1.0100E+01	0.7000	2.2847
14	2	1.0100E+01	0.7500	2.6249
15	2	1.0100E+01	0.8000	2.9948
16	2	1.0100E+01	0.8500	3.4508
17	2	1.0100E+01	0.9000	4.2991
18	2	1.0100E+01	0.9500	5.4638
19	2	1.0100E+01	1.0000	9.0139
20	7	7.5470E+00	0.0500	0.1063
21	7	7.5470E+00	0.1000	0.2480
22	7	7.5470E+00	0.1500	0.3496
23	7	7.5470E+00	0.2000	0.4150
24	7	7.5470E+00	0.2500	0.5194
25	7	7.5470E+00	0.3000	0.6575
26	7	7.5470E+00	0.3500	0.8583
27	7	7.5470E+00	0.4000	1.0171
28	7	7.5470E+00	0.4500	1.1956
29	7	7.5470E+00	0.5000	1.4375
30	7	7.5470E+00	0.5500	1.7549
31	7	7.5470E+00	0.6000	1.8839
32	7	7.5470E+00	0.6500	2.1943
33	7	7.5470E+00	0.7000	2.5431
34	7	7.5470E+00	0.7500	2.7203
35	7	7.5470E+00	0.8000	3.0343
36	7	7.5470E+00	0.8500	3.4580
37	7	7.5470E+00	0.9000	4.1359
38	7	7.5470E+00	0.9500	5.1228
39	7	7.5470E+00	1.0000	10.4103
40	8	3.0920E+02	0.0500	0.0635
41	8	3.0920E+02	0.1000	0.1311
42	8	3.0920E+02	0.1500	0.2597
43	8	3.0920E+02	0.2000	0.4282
44	8	3.0920E+02	0.2500	0.5739
45	8	3.0920E+02	0.3000	0.7112
46	8	3.0920E+02	0.3500	0.9039
47	8	3.0920E+02	0.4000	1.0997
48	8	3.0920E+02	0.4500	1.4058
49	8	3.0920E+02	0.5000	1.6747
50	8	3.0920E+02	0.5500	1.9212
51	8	3.0920E+02	0.6000	2.0833
52	8	3.0920E+02	0.6500	2.3074
53	8	3.0920E+02	0.7000	2.7063
54	8	3.0920E+02	0.7500	3.1714
55	8	3.0920E+02	0.8000	3.4981
56	8	3.0920E+02	0.8500	4.1727
57	8	3.0920E+02	0.9000	5.3507
58	8	3.0920E+02	0.9500	7.1512
59	8	3.0920E+02	1.0000	11.1633
60	9	2.1180E+02	0.0500	0.0743
61	9	2.1180E+02	0.1000	0.1612
62	9	2.1180E+02	0.1500	0.3275
63	9	2.1180E+02	0.2000	0.5034
64	9	2.1180E+02	0.2500	0.6096
65	9	2.1180E+02	0.3000	0.8048
66	9	2.1180E+02	0.3500	0.9071
67	9	2.1180E+02	0.4000	1.1287
68	9	2.1180E+02	0.4500	1.3017
69	9	2.1180E+02	0.5000	1.5010
70	9	2.1180E+02	0.5500	1.6512
71	9	2.1180E+02	0.6000	1.8661
72	9	2.1180E+02	0.6500	2.0573
73	9	2.1180E+02	0.7000	2.4933
74	9	2.1180E+02	0.7500	3.0587
75	9	2.1180E+02	0.8000	3.4826
76	9	2.1180E+02	0.8500	3.8842
77	9	2.1180E+02	0.9000	4.4705
78	9	2.1180E+02	0.9500	5.6781
79	9	2.1180E+02	1.0000	11.0374
80	10	1.6550E+02	0.0500	0.1176
81	10	1.6550E+02	0.1000	0.2320
82	10	1.6550E+02	0.1500	0.2994
83	10	1.6550E+02	0.2000	0.3988
84	10	1.6550E+02	0.2500	0.5092
85	10	1.6550E+02	0.3000	0.6586
86	10	1.6550E+02	0.3500	0.7909
87	10	1.6550E+02	0.4000	0.9346
88	10	1.6550E+02	0.4500	1.0524
89	10	1.6550E+02	0.5000	1.2161
90	10	1.6550E+02	0.5500	1.3504
91	10	1.6550E+02	0.6000	1.6241
92	10	1.6550E+02	0.6500	1.8928
93	10	1.6550E+02	0.7000	2.2151
94	10	1.6550E+02	0.7500	2.6759
95	10	1.6550E+02	0.8000	3.2950
96	10	1.6550E+02	0.8500	3.9055
97	10	1.6550E+02	0.9000	4.6704
98	10	1.6550E+02	0.9500	5.8046
99	10	1.6550E+02	1.0000	10.9449
100	11	3.2400E+01	0.0500	0.0899
101	11	3.2400E+01	0.1000	0.1684
102	11	3.2400E+01	0.1500	0.2915
103	11	3.2400E+01	0.2000	0.3727
104	11	3.2400E+01	0.2500	0.4726
105	11	3.2400E+01	0.3000	0.6370
106	11	3.2400E+01	0.3500	0.8807
107	11	3.2400E+01	0.4000	1.0498
108	11	3.2400E+01	0.4500	1.1912
109	11	3.2400E+01	0.5000	1.3592
110	11	3.2400E+01	0.5500	1.6232
111	11	3.2400E+01	0.6000	1.8707
112	11	3.2400E+01	0.6500	2.1257
113	11	3.2400E+01	0.7000	2.4200
114	11	3.2400E+01	0.7500	2.8342
115	11	3.2400E+01	0.8000	3.1225
116	11	3.2400E+01	0.8500	3.6919
117	11	3.2400E+01	0.9000	4.8787
118	11	3.2400E+01	0.9500	6.0071
119	11	3.2400E+01	1.0000	12.3300
120	12	2.6250E+02	0.0500	0.1025
121	12	2.6250E+02	0.1000	0.1778
122	12	2.6250E+02	0.1500	0.2637
123	12	2.6250E+02	0.2000	0.4210
124	12	2.6250E+02	0.2500	0.5888
125	12	2.6250E+02	0.3000	0.6951
126	12	2.6250E+02	0.3500	0.8268
127	12	2.6250E+02	0.4000	0.9728
128	12	2.6250E+02	0.4500	1.1414
129	12	2.6250E+02	0.5000	1.3291
130	12	2.6250E+02	0.5500	1.5833
131	12	2.6250E+02	0.6000	1.7477
132	12	2.6250E+02	0.6500	2.0114
133	12	2.6250E+02	0.7000	2.3056
134	12	2.6250E+02	0.7500	2.6333
135	12	2.6250E+02	0.8000	2.9673
136	12	2.6250E+02	0.8500	3.4824
137	12	2.6250E+02	0.9000	4.1061
138	12	2.6250E+02	0.9500	6.2752
139	12	2.6250E+02	1.0000	12.6536
140	15	1.4600E+01	0.0500	0.0765
141	15	1.4600E+01	0.1000	0.1501
142	15	1.4600E+01	0.1500	0.3368
143	15	1.4600E+01	0.2000	0.4439
144	15	1.4600E+01	0.2500	0.5666
145	15	1.4600E+01	0.3000	0.7025
146	15	1.4600E+01	0.3500	0.8028
147	15	1.4600E+01	0.4000	0.9519
148	15	1.4600E+01	0.4500	1.1012
149	15	1.4600E+01	0.5000	1.3576
150	15	1.4600E+01	0.5500	1.5038
151	15	1.4600E+01	0.6000	1.7252
152	15	1.4600E+01	0.6500	2.0463
153	15	1.4600E+01	0.7000	2.2883
154	15	1.4600E+01	0.7500	2.6106
155	15	1.4600E+01	0.8000	3.1676
156	15	1.4600E+01	0.8500	3.8376
157	15	1.4600E+01	0.9000	4.9120
158	15	1.4600E+01	0.9500	7.1653
159	15	1.4600E+01	1.0000	13.4568
160	20	1.0070E+01	0.0500	0.0883
161	20	1.0070E+01	0.1000	0.2042
162	20	1.0070E+01	0.1500	0.3139
163	20	1.0070E+01	0.2000	0.4296
164	20	1.0070E+01	0.2500	0.5051
165	20	1.0070E+01	0.3000	0.6502
166	20	1.0070E+01	0.3500	0.8098
167	20	1.0070E+01	0.4000	0.9563
168	20	1.0070E+01	0.4500	1.1656
169	20	1.0070E+01	0.5000	1.4131
170	20	1.0070E+01	0.5500	1.5933
171	20	1.0070E+01	0.6000	1.9324
172	20	1.0070E+01	0.6500	2.2147
173	20	1.0070E+01	0.7000	2.4382
174	20	1.0070E+01	0.7500	2.8081
175	20	1.0070E+01	0.8000	3.3079
176	20	1.0070E+01	0.8500	4.1067
177	20	1.0070E+01	0.9000	5.0976
178	20	1.0070E+01	0.9500	6.6781
179	20	1.0070E+01	1.0000	12.1746
180	33	1.2460E+01	0.0500	0.1010
181	33	1.2460E+01	0.1000	0.1763
182	33	1.2460E+01	0.1500	0.3011
183	33	1.2460E+01	0.2000	0.4270
184	33	1.2460E+01	0.2500	0.5127
185	33	1.2460E+01	0.3000	0.6204
186	33	1.2460E+01	0.3500	0.8121
187	33	1.2460E+01	0.4000	0.9998
188	33	1.2460E+01	0.4500	1.1407
189	33	1.2460E+01	0.5000	1.2103
190	33	1.2460E+01	0.5500	1.4266
191	33	1.2460E+01	0.6000	1.5900
192	33	1.2460E+01	0.6500	1.8607
193	33	1.2460E+01	0.7000	2.0694
194	33	1.2460E+01	0.7500	2.4207
195	33	1.2460E+01	0.8000	2.7015
196	33	1.2460E+01	0.8500	3.2293
197	33	1.2460E+01	0.9000	4.0106
198	33	1.2460E+01	0.9500	5.6812
199	33	1.2460E+01	1.0000	11.9595
200	34	7.7970E+00	0.0500	0.1557
201	34	7.7970E+00	0.1000	0.2819
202	34	7.7970E+00	0.1500	0.4055
203	34	7.7970E+00	0.2000	0.5285
204	34	7.7970E+00	0.2500	0.6376
205	34	7.7970E+00	0.3000	0.7996
206	34	7.7970E+00	0.3500	0.8836
207	34	7.7970E+00	0.4000	1.1141
208	34	7.7970E+00	0.4500	1.2375
209	34	7.7970E+00	0.5000	1.3834
210	34	7.7970E+00	0.5500	1.6343
211	34	7.7970E+00	0.6000	1.8347
212	34	7.7970E+00	0.6500	2.1288
213	34	7.7970E+00	0.7000	2.4126
214	34	7.7970E+00	0.7500	2.9507
215	34	7.7970E+00	0.8000	3.7554
216	34	7.7970E+00	0.8500	4.2880
217	34	7.7970E+00	0.9000	5.2992
218	34	7.7970E+00	0.9500	6.5163
219	34	7.7970E+00	1.0000	13.0573
220	40	6.0400E+02	0.0500	0.0918
221	40	6.0400E+02	0.1000	0.2260
222	40	6.0400E+02	0.1500	0.3429
223	40	6.0400E+02	0.2000	0.4565
224	40	6.0400E+02	0.2500	0.6194
225	40	6.0400E+02	0.3000	0.7783
226	40	6.0400E+02	0.3500	0.9304
227	40	6.0400E+02	0.4000	1.1172
228	40	6.0400E+02	0.4500	1.2648
229	40	6.0400E+02	0.5000	1.4114
230	40	6.0400E+02	0.5500	1.5710
231	40	6.0400E+02	0.6000	1.7240
232	40	6.0400E+02	0.6500	1.9803
233	40	6.0400E+02	0.7000	2.2327
234	40	6.0400E+02	0.7500	2.6470
235	40	6.0400E+02	0.8000	3.2482
236	40	6.0400E+02	0.8500	3.7749
237	40	6.0400E+02	0.9000	4.9715
238	40	6.0400E+02	0.9500	6.7856
239	40	6.0400E+02	1.0000	12.0987
240	42	2.3040E+01	0.0500	0.0604
241	42	2.3040E+01	0.1000	0.1847
242	42	2.3040E+01	0.1500	0.2710
243	42	2.3040E+01	0.2000	0.3776
244	42	2.3040E+01	0.2500	0.5666
245	42	2.3040E+01	0.3000	0.7232
246	42	2.3040E+01	0.3500	0.8573
247	42	2.3040E+01	0.4000	0.9919
248	42	2.3040E+01	0.4500	1.1869
249	42	2.3040E+01	0.5000	1.4126
250	42	2.3040E+01	0.5500	1.5960
251	42	2.3040E+01	0.6000	1.8999
252	42	2.3040E+01	0.6500	2.1710
253	42	2.3040E+01	0.7000	2.4370
254	42	2.3040E+01	0.7500	2.7585
255	42	2.3040E+01	0.8000	3.3587
256	42	2.3040E+01	0.8500	4.0114
257	42	2.3040E+01	0.9000	4.7015
258	42	2.3040E+01	0.9500	5.6736
259	42	2.3040E+01	1.0000	11.4336
260	44	7.0510E+00	0.0500	0.1149
261	44	7.0510E+00	0.1000	0.2164
262	44	7.0510E+00	0.1500	0.3601
263	44	7.0510E+00	0.2000	0.4616
264	44	7.0510E+00	0.2500	0.6084
265	44	7.0510E+00	0.3000	0.7436
266	44	7.0510E+00	0.3500	0.9597
267	44	7.0510E+00	0.4000	1.1621
268	44	7.0510E+00	0.4500	1.3581
269	44	7.0510E+00	0.5000	1.5601
270	44	7.0510E+00	0.5500	1.6851
271	44	7.0510E+00	0.6000	1.9189
272	44	7.0510E+00	0.6500	2.2244
273	44	7.0510E+00	0.7000	2.5355
274	44	7.0510E+00	0.7500	2.9415
275	44	7.0510E+00	0.8000	3.3673
276	44	7.0510E+00	0.8500	4.2095
277	44	7.0510E+00	0.9000	5.0530
278	44	7.0510E+00	0.9500	6.2514
279	44	7.0510E+00	1.0000	10.1500
280	46	6.6430E+00	0.0500	0.0989
281	46	6.6430E+00	0.1000	0.2098
282	46	6.6430E+00	0.1500	0.3126
283	46	6.6430E+00	0.2000	0.4011
284	46	6.6430E+00	0.2500	0.4986
285	46	6.6430E+00	0.3000	0.6516
286	46	6.6430E+00	0.3500	0.8083
287	46	6.6430E+00	0.4000	1.0136
288	46	6.6430E+00	0.4500	1.2729
289	46	6.6430E+00	0.5000	1.4734
290	46	6.6430E+00	0.5500	1.6804
291	46	6.6430E+00	0.6000	1.9247
292	46	6.6430E+00	0.6500	2.1808
293	46	6.6430E+00	0.7000	2.5850
294	46	6.6430E+00	0.7500	3.1999
295	46	6.6430E+00	0.8000	3.6530
296	46	6.6430E+00	0.8500	4.0914
297	46	6.6430E+00	0.9000	5.2446
298	46	6.6430E+00	0.9500	6.2206
299	46	6.6430E+00	1.0000	13.5403
300	49	2.9540E+02	0.0500	0.0942
301	49	2.9540E+02	0.1000	0.2052
302	49	2.9540E+02	0.1500	0.2839
303	49	2.9540E+02	0.2000	0.4295
304	49	2.9540E+02	0.2500	0.5426
305	49	2.9540E+02	0.3000	0.6021
306	49	2.9540E+02	0.3500	0.7190
307	49	2.9540E+02	0.4000	0.9010
308	49	2.9540E+02	0.4500	1.1185
309	49	2.9540E+02	0.5000	1.4211
310	49	2.9540E+02	0.5500	1.5893
311	49	2.9540E+02	0.6000	1.8515
312	49	2.9540E+02	0.6500	2.0008
313	49	2.9540E+02	0.7000	2.2181
314	49	2.9540E+02	0.7500	2.6914
315	49	2.9540E+02	0.8000	3.0160
316	49	2.9540E+02	0.8500	3.6346
317	49	2.9540E+02	0.9000	5.2801
318	49	2.9540E+02	0.9500	7.1026
319	49	2.9540E+02	1.0000	12.8141
320	50	8.2060E+00	0.0500	0.0556
321	50	8.2060E+00	0.1000	0.1454
322	50	8.2060E+00	0.1500	0.2469
323	50	8.2060E+00	0.2000	0.3301
324	50	8.2060E+00	0.2500	0.4801
325	50	8.2060E+00	0.3000	0.6670
326	50	8.2060E+00	0.3500	0.8325
327	50	8.2060E+00	0.4000	0.9220
328	50	8.2060E+00	0.4500	1.1367
329	50	8.2060E+00	0.5000	1.3543
330	50	8.2060E+00	0.5500	1.6786
331	50	8.2060E+00	0.6000	1.9756
332	50	8.2060E+00	0.6500	2.1579
333	50	8.2060E+00	0.7000	2.5452
334	50	8.2060E+00	0.7500	2.8319
335	50	8.2060E+00	0.8000	3.3689
336	50	8.2060E+00	0.8500	4.0931
337	50	8.2060E+00	0.9000	5.2444
338	50	8.2060E+00	0.9500	6.4722
339	50	8.2060E+00	1.0000	17.6016
340	60	7.1800E+00	0.0500	0.0521
341	60	7.1800E+00	0.1000	0.1681
342	60	7.1800E+00	0.1500	0.2872
343	60	7.1800E+00	0.2000	0.4196
344	60	7.1800E+00	0.2500	0.6268
345	60	7.1800E+00	0.3000	0.7566
346	60	7.1800E+00	0.3500	0.9277
347	60	7.1800E+00	0.4000	1.1150
348	60	7.1800E+00	0.4500	1.2225
349	60	7.1800E+00	0.5000	1.4168
350	60	7.1800E+00	0.5500	1.7245
351	60	7.1800E+00	0.6000	2.1200
352	60	7.1800E+00	0.6500	2.3220
353	60	7.1800E+00	0.7000	2.5347
354	60	7.1800E+00	0.7500	2.7802
355	60	7.1800E+00	0.8000	3.0601
356	60	7.1800E+00	0.8500	3.5807
357	60	7.1800E+00	0.9000	4.5522
358	60	7.1800E+00	0.9500	5.3449
359	60	7.1800E+00	1.0000	9.1050
360	71	5.8000E+01	0.0500	0.0770
361	71	5.8000E+01	0.1000	0.2204
362	71	5.8000E+01	0.1500	0.3190
363	71	5.8000E+01	0.2000	0.4089
364	71	5.8000E+01	0.2500	0.5658
365	71	5.8000E+01	0.3000	0.6734
366	71	5.8000E+01	0.3500	0.8931
367	71	5.8000E+01	0.4000	1.0587
368	71	5.8000E+01	0.4500	1.2293
369	71	5.8000E+01	0.5000	1.3830
370	71	5.8000E+01	0.5500	1.5257
371	71	5.8000E+01	0.6000	1.6418
372	71	5.8000E+01	0.6500	1.8858
373	71	5.8000E+01	0.7000	2.1777
374	71	5.8000E+01	0.7500	2.4631
375	71	5.8000E+01	0.8000	2.8920
376	71	5.8000E+01	0.8500	3.4670
377	71	5.8000E+01	0.9000	3.9920
378	71	5.8000E+01	0.9500	5.1879
379	71	5.8000E+01	1.0000	12.8368
